,Table Name1,State Code 2,District Name,Tehsil Name  4,Town 5   Name,Area Name 6,Main Source of lightingTotal /Rural/Urban 7,Main Source of lighting Total Number of Households 8,Main Source of lighting Electricity  9,Main Source of lighting Kerosene 10,Main Source of lighting Solar energy 11,Main Source of lighting Other oil 12,Main Source of lighting Any other 13,Main Source of lighting No lighting 14,d_name
706,HH2507,2.0,30.0,0.0,0.0,District - Bilaspur,Total,80453.0,79146.0,1169.0,33.0,24.0,23.0,58.0,bilaspur
707,HH2507,2.0,30.0,0.0,0.0,District - Bilaspur,Rural,74661.0,73414.0,1116.0,30.0,24.0,21.0,56.0,bilaspur
708,HH2507,2.0,30.0,0.0,0.0,District - Bilaspur,Urban,5792.0,5732.0,53.0,3.0,,2.0,2.0,bilaspur
894,HH2507,3.0,35.0,0.0,0.0,District - Gurdaspur,Total,431212.0,411216.0,14380.0,637.0,836.0,767.0,3376.0,gurdaspur
895,HH2507,3.0,35.0,0.0,0.0,District - Gurdaspur,Rural,309898.0,292199.0,12786.0,547.0,701.0,643.0,3022.0,gurdaspur
896,HH2507,3.0,35.0,0.0,0.0,District - Gurdaspur,Urban,121314.0,119017.0,1594.0,90.0,135.0,124.0,354.0,gurdaspur
939,HH2507,3.0,36.0,0.0,0.0,District - Kapurthala ,Total,165336.0,161206.0,2634.0,158.0,229.0,291.0,818.0,kapurthala
940,HH2507,3.0,36.0,0.0,0.0,District - Kapurthala ,Rural,106870.0,103333.0,2241.0,147.0,171.0,247.0,731.0,kapurthala
941,HH2507,3.0,36.0,0.0,0.0,District - Kapurthala ,Urban,58466.0,57873.0,393.0,11.0,58.0,44.0,87.0,kapurthala
947,HH2507,3.0,36.0,206.0,0.0,Sub-District - Kapurthala ,Total,67934.0,65868.0,1286.0,68.0,100.0,179.0,433.0,kapurthala
948,HH2507,3.0,36.0,206.0,0.0,Sub-District - Kapurthala ,Rural,43535.0,41744.0,1126.0,61.0,61.0,151.0,392.0,kapurthala
949,HH2507,3.0,36.0,206.0,0.0,Sub-District - Kapurthala ,Urban,24399.0,24124.0,160.0,7.0,39.0,28.0,41.0,kapurthala
950,HH2507,3.0,36.0,206.0,800155.0,Kapurthala (M Cl),Urban,18756.0,18521.0,149.0,7.0,36.0,26.0,17.0,kapurthala
1069,HH2507,3.0,41.0,0.0,0.0,District - Ludhiana,Total,716104.0,703624.0,7340.0,493.0,706.0,1478.0,2463.0,ludhiana
1070,HH2507,3.0,41.0,0.0,0.0,District - Ludhiana,Rural,278323.0,271505.0,4167.0,341.0,399.0,495.0,1416.0,ludhiana
1071,HH2507,3.0,41.0,0.0,0.0,District - Ludhiana,Urban,437781.0,432119.0,3173.0,152.0,307.0,983.0,1047.0,ludhiana
1130,HH2507,3.0,43.0,0.0,0.0,District - Firozpur,Total,374167.0,349662.0,15043.0,625.0,947.0,2838.0,5052.0,firozpur
1131,HH2507,3.0,43.0,0.0,0.0,District - Firozpur,Rural,271536.0,249633.0,13517.0,562.0,814.0,2544.0,4466.0,firozpur
1132,HH2507,3.0,43.0,0.0,0.0,District - Firozpur,Urban,102631.0,100029.0,1526.0,63.0,133.0,294.0,586.0,firozpur
1139,HH2507,3.0,43.0,235.0,0.0,Sub-District - Firozpur,Total,101857.0,96953.0,2360.0,131.0,162.0,990.0,1261.0,firozpur
1140,HH2507,3.0,43.0,235.0,0.0,Sub-District - Firozpur,Rural,66707.0,62476.0,1974.0,110.0,142.0,824.0,1181.0,firozpur
1141,HH2507,3.0,43.0,235.0,0.0,Sub-District - Firozpur,Urban,35150.0,34477.0,386.0,21.0,20.0,166.0,80.0,firozpur
1161,HH2507,3.0,44.0,0.0,0.0,District - Muktsar,Total,172792.0,166585.0,3662.0,197.0,485.0,515.0,1348.0,muktsar
1162,HH2507,3.0,44.0,0.0,0.0,District - Muktsar,Rural,122957.0,117998.0,2945.0,164.0,391.0,421.0,1038.0,muktsar
1163,HH2507,3.0,44.0,0.0,0.0,District - Muktsar,Urban,49835.0,48587.0,717.0,33.0,94.0,94.0,310.0,muktsar
1172,HH2507,3.0,44.0,241.0,0.0,Sub-District - Muktsar,Total,64290.0,61262.0,1715.0,66.0,221.0,315.0,711.0,muktsar
1173,HH2507,3.0,44.0,241.0,0.0,Sub-District - Muktsar,Rural,39097.0,36870.0,1304.0,43.0,148.0,243.0,489.0,muktsar
1174,HH2507,3.0,44.0,241.0,0.0,Sub-District - Muktsar,Urban,25193.0,24392.0,411.0,23.0,73.0,72.0,222.0,muktsar
1177,HH2507,3.0,45.0,0.0,0.0,District - Faridkot,Total,118193.0,113549.0,2609.0,135.0,341.0,558.0,1001.0,faridkot
1178,HH2507,3.0,45.0,0.0,0.0,District - Faridkot,Rural,76262.0,72751.0,1879.0,120.0,250.0,443.0,819.0,faridkot
1179,HH2507,3.0,45.0,0.0,0.0,District - Faridkot,Urban,41931.0,40798.0,730.0,15.0,91.0,115.0,182.0,faridkot
1180,HH2507,3.0,45.0,242.0,0.0,Sub-District - Faridkot,Total,87492.0,83745.0,2088.0,122.0,262.0,450.0,825.0,faridkot
1181,HH2507,3.0,45.0,242.0,0.0,Sub-District - Faridkot,Rural,52665.0,49867.0,1447.0,107.0,182.0,374.0,688.0,faridkot
1182,HH2507,3.0,45.0,242.0,0.0,Sub-District - Faridkot,Urban,34827.0,33878.0,641.0,15.0,80.0,76.0,137.0,faridkot
1189,HH2507,3.0,46.0,0.0,0.0,District - Bathinda,Total,266035.0,255650.0,6644.0,327.0,526.0,1039.0,1849.0,bathinda
1190,HH2507,3.0,46.0,0.0,0.0,District - Bathinda,Rural,170853.0,162889.0,5024.0,172.0,392.0,849.0,1527.0,bathinda
1191,HH2507,3.0,46.0,0.0,0.0,District - Bathinda,Urban,95182.0,92761.0,1620.0,155.0,134.0,190.0,322.0,bathinda
1197,HH2507,3.0,46.0,245.0,0.0,Sub-District - Bathinda,Total,142906.0,137181.0,3709.0,248.0,287.0,413.0,1068.0,bathinda
1198,HH2507,3.0,46.0,245.0,0.0,Sub-District - Bathinda,Rural,74977.0,71288.0,2324.0,106.0,191.0,251.0,817.0,bathinda
1199,HH2507,3.0,46.0,245.0,0.0,Sub-District - Bathinda,Urban,67929.0,65893.0,1385.0,142.0,96.0,162.0,251.0,bathinda
1212,HH2507,3.0,47.0,0.0,0.0,District - Mansa,Total,147127.0,140099.0,4490.0,156.0,389.0,504.0,1489.0,mansa
1213,HH2507,3.0,47.0,0.0,0.0,District - Mansa,Rural,115334.0,109244.0,3960.0,133.0,352.0,397.0,1248.0,mansa
1214,HH2507,3.0,47.0,0.0,0.0,District - Mansa,Urban,31793.0,30855.0,530.0,23.0,37.0,107.0,241.0,mansa
1224,HH2507,3.0,47.0,249.0,0.0,Sub-District - Mansa,Total,65760.0,62835.0,1706.0,65.0,223.0,241.0,690.0,mansa
1225,HH2507,3.0,47.0,249.0,0.0,Sub-District - Mansa,Rural,45993.0,43457.0,1507.0,55.0,204.0,218.0,552.0,mansa
1226,HH2507,3.0,47.0,249.0,0.0,Sub-District - Mansa,Urban,19767.0,19378.0,199.0,10.0,19.0,23.0,138.0,mansa
1229,HH2507,3.0,48.0,0.0,0.0,District - Patiala,Total,361740.0,352929.0,5247.0,247.0,417.0,868.0,2032.0,patiala
1230,HH2507,3.0,48.0,0.0,0.0,District - Patiala,Rural,209720.0,202293.0,4391.0,195.0,314.0,728.0,1799.0,patiala
1231,HH2507,3.0,48.0,0.0,0.0,District - Patiala,Urban,152020.0,150636.0,856.0,52.0,103.0,140.0,233.0,patiala
1247,HH2507,3.0,48.0,253.0,0.0,Sub-District - Patiala,Total,164230.0,161350.0,1536.0,126.0,205.0,270.0,743.0,patiala
1248,HH2507,3.0,48.0,253.0,0.0,Sub-District - Patiala,Rural,69178.0,66919.0,1229.0,98.0,131.0,201.0,600.0,patiala
1249,HH2507,3.0,48.0,253.0,0.0,Sub-District - Patiala,Urban,95052.0,94431.0,307.0,28.0,74.0,69.0,143.0,patiala
1307,HH2507,3.0,51.0,0.0,0.0,District - Rupnagar,Total,132854.0,129123.0,2682.0,94.0,264.0,308.0,383.0,rupnagar
1308,HH2507,3.0,51.0,0.0,0.0,District - Rupnagar,Rural,96022.0,93261.0,2077.0,83.0,233.0,66.0,302.0,rupnagar
1309,HH2507,3.0,51.0,0.0,0.0,District - Rupnagar,Urban,36832.0,35862.0,605.0,11.0,31.0,242.0,81.0,rupnagar
1357,HH2507,3.0,53.0,0.0,0.0,District - Sangrur,Total,314030.0,305557.0,5085.0,227.0,355.0,967.0,1839.0,sangrur
1358,HH2507,3.0,53.0,0.0,0.0,District - Sangrur,Rural,215367.0,208192.0,4425.0,192.0,293.0,790.0,1475.0,sangrur
1359,HH2507,3.0,53.0,0.0,0.0,District - Sangrur,Urban,98663.0,97365.0,660.0,35.0,62.0,177.0,364.0,sangrur
1370,HH2507,3.0,53.0,271.0,0.0,Sub-District - Sangrur,Total,69931.0,68826.0,718.0,24.0,78.0,74.0,211.0,sangrur
1371,HH2507,3.0,53.0,271.0,0.0,Sub-District - Sangrur,Rural,43403.0,42450.0,611.0,20.0,67.0,67.0,188.0,sangrur
1372,HH2507,3.0,53.0,271.0,0.0,Sub-District - Sangrur,Urban,26528.0,26376.0,107.0,4.0,11.0,7.0,23.0,sangrur
1424,HH2507,5.0,56.0,0.0,0.0,District - Uttarkashi,Total,66558.0,52621.0,11848.0,1691.0,134.0,103.0,161.0,uttarkashi
1425,HH2507,5.0,56.0,0.0,0.0,District - Uttarkashi,Rural,61149.0,47319.0,11758.0,1688.0,129.0,102.0,153.0,uttarkashi
1426,HH2507,5.0,56.0,0.0,0.0,District - Uttarkashi,Urban,5409.0,5302.0,90.0,3.0,5.0,1.0,8.0,uttarkashi
1446,HH2507,5.0,56.0,283.0,800288.0,Uttarkashi (NPP),Urban,3902.0,3851.0,42.0,2.0,2.0,1.0,4.0,uttarkashi
1448,HH2507,5.0,57.0,0.0,0.0,District - Chamoli,Total,85765.0,71524.0,9396.0,4145.0,192.0,201.0,307.0,chamoli
1449,HH2507,5.0,57.0,0.0,0.0,District - Chamoli,Rural,72744.0,58791.0,9142.0,4138.0,168.0,201.0,304.0,chamoli
1450,HH2507,5.0,57.0,0.0,0.0,District - Chamoli,Urban,13021.0,12733.0,254.0,7.0,24.0,,3.0,chamoli
1456,HH2507,5.0,57.0,285.0,0.0,Sub-District - Chamoli,Total,21840.0,18147.0,2571.0,1061.0,30.0,2.0,29.0,chamoli
1457,HH2507,5.0,57.0,285.0,0.0,Sub-District - Chamoli,Rural,16135.0,12543.0,2494.0,1058.0,11.0,2.0,27.0,chamoli
1458,HH2507,5.0,57.0,285.0,0.0,Sub-District - Chamoli,Urban,5705.0,5604.0,77.0,3.0,19.0,,2.0,chamoli
1520,HH2507,5.0,60.0,0.0,0.0,District - Dehradun,Total,322700.0,310726.0,10036.0,349.0,330.0,628.0,631.0,dehradun
1521,HH2507,5.0,60.0,0.0,0.0,District - Dehradun,Rural,137051.0,129466.0,6410.0,292.0,195.0,379.0,309.0,dehradun
1522,HH2507,5.0,60.0,0.0,0.0,District - Dehradun,Urban,185649.0,181260.0,3626.0,57.0,135.0,249.0,322.0,dehradun
1563,HH2507,5.0,61.0,0.0,0.0,District - Garhwal,Total,161688.0,143963.0,14695.0,2249.0,238.0,91.0,452.0,garhwal
1564,HH2507,5.0,61.0,0.0,0.0,District - Garhwal,Rural,137102.0,119829.0,14331.0,2212.0,234.0,85.0,411.0,garhwal
1565,HH2507,5.0,61.0,0.0,0.0,District - Garhwal,Urban,24586.0,24134.0,364.0,37.0,4.0,6.0,41.0,garhwal
1602,HH2507,5.0,62.0,0.0,0.0,District - Pithoragarh,Total,111542.0,95421.0,12957.0,2781.0,109.0,87.0,187.0,pithoragarh
1603,HH2507,5.0,62.0,0.0,0.0,District - Pithoragarh,Rural,95130.0,79202.0,12802.0,2770.0,101.0,77.0,178.0,pithoragarh
1604,HH2507,5.0,62.0,0.0,0.0,District - Pithoragarh,Urban,16412.0,16219.0,155.0,11.0,8.0,10.0,9.0,pithoragarh
1622,HH2507,5.0,62.0,320.0,0.0,"Sub-District - Pithoragarh
",Total,38339.0,36267.0,1887.0,80.0,28.0,9.0,68.0,pithoragarh
1623,HH2507,5.0,62.0,320.0,0.0,"Sub-District - Pithoragarh
",Rural,25271.0,23324.0,1791.0,71.0,23.0,3.0,59.0,pithoragarh
1624,HH2507,5.0,62.0,320.0,0.0,"Sub-District - Pithoragarh
",Urban,13068.0,12943.0,96.0,9.0,5.0,6.0,9.0,pithoragarh
1625,HH2507,5.0,62.0,320.0,800322.0,Pithoragarh (NPP),Urban,13068.0,12943.0,96.0,9.0,5.0,6.0,9.0,pithoragarh
1626,HH2507,5.0,63.0,0.0,0.0,District - Bageshwar,Total,57712.0,47083.0,9062.0,1028.0,149.0,110.0,280.0,bageshwar
1627,HH2507,5.0,63.0,0.0,0.0,District - Bageshwar,Rural,55748.0,45172.0,9020.0,1027.0,145.0,110.0,274.0,bageshwar
1628,HH2507,5.0,63.0,0.0,0.0,District - Bageshwar,Urban,1964.0,1911.0,42.0,1.0,4.0,,6.0,bageshwar
1677,HH2507,5.0,65.0,0.0,0.0,District - Champawat,Total,52356.0,37725.0,11948.0,2293.0,108.0,94.0,188.0,champawat
1678,HH2507,5.0,65.0,0.0,0.0,District - Champawat,Rural,44386.0,30333.0,11460.0,2286.0,84.0,80.0,143.0,champawat
1679,HH2507,5.0,65.0,0.0,0.0,District - Champawat,Urban,7970.0,7392.0,488.0,7.0,24.0,14.0,45.0,champawat
1680,HH2507,5.0,65.0,334.0,0.0,Sub-District - Champawat,Total,11287.0,7433.0,2677.0,1100.0,7.0,17.0,53.0,champawat
1681,HH2507,5.0,65.0,334.0,0.0,Sub-District - Champawat,Rural,10070.0,6252.0,2651.0,1098.0,7.0,14.0,48.0,champawat
1682,HH2507,5.0,65.0,334.0,0.0,Sub-District - Champawat,Urban,1217.0,1181.0,26.0,2.0,,3.0,5.0,champawat
1696,HH2507,5.0,66.0,0.0,0.0,District - Nainital,Total,187108.0,169001.0,15242.0,1827.0,265.0,220.0,553.0,nainital
1697,HH2507,5.0,66.0,0.0,0.0,District - Nainital,Rural,112670.0,96746.0,13409.0,1801.0,192.0,115.0,407.0,nainital
1698,HH2507,5.0,66.0,0.0,0.0,District - Nainital,Urban,74438.0,72255.0,1833.0,26.0,73.0,105.0,146.0,nainital
1705,HH2507,5.0,66.0,340.0,0.0,Sub-District - Nainital,Total,31845.0,29889.0,1693.0,144.0,37.0,23.0,59.0,nainital
1706,HH2507,5.0,66.0,340.0,0.0,Sub-District - Nainital,Rural,18680.0,16936.0,1523.0,134.0,15.0,19.0,53.0,nainital
1707,HH2507,5.0,66.0,340.0,0.0,Sub-District - Nainital,Urban,13165.0,12953.0,170.0,10.0,22.0,4.0,6.0,nainital
1876,HH2507,6.0,71.0,362.0,0.0,Sub-District - Bilaspur,Total,,,,58.0,45.0,39.0,107.0,bilaspur
1877,HH2507,6.0,71.0,362.0,0.0,Sub-District - Bilaspur,Rural,,,,25.0,43.0,26.0,79.0,bilaspur
1878,HH2507,6.0,71.0,362.0,0.0,Sub-District - Bilaspur,Urban,,,160.0,33.0,2.0,13.0,28.0,bilaspur
1885,HH2507,6.0,72.0,0.0,0.0,District - Kurukshetra,Total,,,,65.0,182.0,595.0,280.0,kurukshetra
1886,HH2507,6.0,72.0,0.0,0.0,District - Kurukshetra,Rural,,,,57.0,147.0,351.0,190.0,kurukshetra
1887,HH2507,6.0,72.0,0.0,0.0,District - Kurukshetra,Urban,,,914.0,8.0,35.0,244.0,90.0,kurukshetra
1902,HH2507,6.0,73.0,0.0,0.0,District - Kaithal,Total,,,,108.0,432.0,692.0,965.0,kaithal
1903,HH2507,6.0,73.0,0.0,0.0,District - Kaithal,Rural,,,,83.0,352.0,377.0,747.0,kaithal
1904,HH2507,6.0,73.0,0.0,0.0,District - Kaithal,Urban,,,,25.0,80.0,315.0,218.0,kaithal
1909,HH2507,6.0,73.0,368.0,0.0,Sub-District - Kaithal,Total,,,,82.0,305.0,403.0,593.0,kaithal
1910,HH2507,6.0,73.0,368.0,0.0,Sub-District - Kaithal,Rural,,,,62.0,237.0,232.0,444.0,kaithal
1911,HH2507,6.0,73.0,368.0,0.0,Sub-District - Kaithal,Urban,,,954.0,20.0,68.0,171.0,149.0,kaithal
1944,HH2507,6.0,75.0,0.0,0.0,District - Panipat,Total,,,,280.0,254.0,,810.0,panipat
1945,HH2507,6.0,75.0,0.0,0.0,District - Panipat,Rural,,,,202.0,148.0,,399.0,panipat
1946,HH2507,6.0,75.0,0.0,0.0,District - Panipat,Urban,,,,78.0,106.0,140.0,411.0,panipat
1947,HH2507,6.0,75.0,375.0,0.0,Sub-District - Panipat,Total,,,,219.0,156.0,811.0,553.0,panipat
1948,HH2507,6.0,75.0,375.0,0.0,Sub-District - Panipat,Rural,,,,150.0,59.0,680.0,159.0,panipat
1949,HH2507,6.0,75.0,375.0,0.0,Sub-District - Panipat,Urban,,,,69.0,97.0,131.0,394.0,panipat
1968,HH2507,6.0,76.0,0.0,0.0,District - Sonipat,Total,,,,213.0,464.0,899.0,,sonipat
1969,HH2507,6.0,76.0,0.0,0.0,District - Sonipat,Rural,,,,137.0,355.0,588.0,744.0,sonipat
1970,HH2507,6.0,76.0,0.0,0.0,District - Sonipat,Urban,,,,76.0,109.0,311.0,300.0,sonipat
1979,HH2507,6.0,76.0,380.0,0.0,Sub-District - Sonipat,Total,,,,125.0,243.0,319.0,525.0,sonipat
1980,HH2507,6.0,76.0,380.0,0.0,Sub-District - Sonipat,Rural,,,,54.0,161.0,177.0,302.0,sonipat
1981,HH2507,6.0,76.0,380.0,0.0,Sub-District - Sonipat,Urban,,,,71.0,82.0,142.0,223.0,sonipat
1991,HH2507,6.0,77.0,0.0,0.0,District - Jind,Total,,,,205.0,570.0,,931.0,jind
1992,HH2507,6.0,77.0,0.0,0.0,District - Jind,Rural,,,,184.0,472.0,,682.0,jind
1993,HH2507,6.0,77.0,0.0,0.0,District - Jind,Urban,,,,21.0,98.0,298.0,249.0,jind
1999,HH2507,6.0,77.0,383.0,0.0,Sub-District - Jind,Total,,,,62.0,215.0,693.0,439.0,jind
2000,HH2507,6.0,77.0,383.0,0.0,Sub-District - Jind,Rural,,,,53.0,171.0,493.0,314.0,jind
2001,HH2507,6.0,77.0,383.0,0.0,Sub-District - Jind,Urban,,,869.0,9.0,44.0,200.0,125.0,jind
2012,HH2507,6.0,78.0,0.0,0.0,District - Fatehabad,Total,,,,413.0,722.0,,,fatehabad
2013,HH2507,6.0,78.0,0.0,0.0,District - Fatehabad,Rural,,,,408.0,691.0,,,fatehabad
2014,HH2507,6.0,78.0,0.0,0.0,District - Fatehabad,Urban,,,839.0,5.0,31.0,172.0,414.0,fatehabad
2024,HH2507,6.0,78.0,388.0,0.0,Sub-District - Fatehabad,Total,,,,347.0,449.0,699.0,,fatehabad
2025,HH2507,6.0,78.0,388.0,0.0,Sub-District - Fatehabad,Rural,,,,346.0,437.0,676.0,981.0,fatehabad
2026,HH2507,6.0,78.0,388.0,0.0,Sub-District - Fatehabad,Urban,,,236.0,1.0,12.0,23.0,24.0,fatehabad
2028,HH2507,6.0,79.0,0.0,0.0,District - Sirsa,Total,,,,448.0,856.0,,,sirsa
2029,HH2507,6.0,79.0,0.0,0.0,District - Sirsa,Rural,,,,334.0,757.0,728.0,,sirsa
2030,HH2507,6.0,79.0,0.0,0.0,District - Sirsa,Urban,,,,114.0,99.0,302.0,282.0,sirsa
2035,HH2507,6.0,79.0,390.0,0.0,Sub-District - Sirsa,Total,,,,341.0,444.0,509.0,682.0,sirsa
2036,HH2507,6.0,79.0,390.0,0.0,Sub-District - Sirsa,Rural,,,,240.0,376.0,369.0,563.0,sirsa
2037,HH2507,6.0,79.0,390.0,0.0,Sub-District - Sirsa,Urban,,,756.0,101.0,68.0,140.0,119.0,sirsa
2048,HH2507,6.0,80.0,0.0,0.0,District - Hisar,Total,,,,763.0,,,,hisar
2049,HH2507,6.0,80.0,0.0,0.0,District - Hisar,Rural,,,,685.0,,,,hisar
2050,HH2507,6.0,80.0,0.0,0.0,District - Hisar,Urban,,,,78.0,196.0,488.0,557.0,hisar
2055,HH2507,6.0,80.0,394.0,0.0,Sub-District - Hisar,Total,,,,498.0,784.0,,,hisar
2056,HH2507,6.0,80.0,394.0,0.0,Sub-District - Hisar,Rural,,,,450.0,620.0,,760.0,hisar
2057,HH2507,6.0,80.0,394.0,0.0,Sub-District - Hisar,Urban,,,,48.0,164.0,341.0,441.0,hisar
2074,HH2507,6.0,81.0,0.0,0.0,District - Bhiwani,Total,,,,347.0,794.0,,,bhiwani
2075,HH2507,6.0,81.0,0.0,0.0,District - Bhiwani,Rural,,,,317.0,662.0,911.0,,bhiwani
2076,HH2507,6.0,81.0,0.0,0.0,District - Bhiwani,Urban,,,,30.0,132.0,518.0,356.0,bhiwani
2081,HH2507,6.0,81.0,398.0,0.0,Sub-District - Bhiwani,Total,,,,91.0,261.0,531.0,717.0,bhiwani
2082,HH2507,6.0,81.0,398.0,0.0,Sub-District - Bhiwani,Rural,,,,79.0,192.0,338.0,502.0,bhiwani
2083,HH2507,6.0,81.0,398.0,0.0,Sub-District - Bhiwani,Urban,,,,12.0,69.0,193.0,215.0,bhiwani
2121,HH2507,6.0,83.0,0.0,0.0,District - Jhajjar,Total,,,,170.0,702.0,684.0,569.0,jhajjar
2122,HH2507,6.0,83.0,0.0,0.0,District - Jhajjar,Rural,,,,156.0,357.0,529.0,422.0,jhajjar
2123,HH2507,6.0,83.0,0.0,0.0,District - Jhajjar,Urban,,,,14.0,345.0,155.0,147.0,jhajjar
2133,HH2507,6.0,83.0,409.0,0.0,Sub-District - Jhajjar,Total,,,,57.0,137.0,187.0,202.0,jhajjar
2134,HH2507,6.0,83.0,409.0,0.0,Sub-District - Jhajjar,Rural,,,,51.0,130.0,178.0,187.0,jhajjar
2135,HH2507,6.0,83.0,409.0,0.0,Sub-District - Jhajjar,Urban,,,180.0,6.0,7.0,9.0,15.0,jhajjar
2141,HH2507,6.0,84.0,0.0,0.0,District - Mahendragarh,Total,,,,207.0,494.0,553.0,782.0,mahendragarh
2142,HH2507,6.0,84.0,0.0,0.0,District - Mahendragarh,Rural,,,,191.0,464.0,479.0,695.0,mahendragarh
2143,HH2507,6.0,84.0,0.0,0.0,District - Mahendragarh,Urban,,,,16.0,30.0,74.0,87.0,mahendragarh
2144,HH2507,6.0,84.0,411.0,0.0,Sub-District - Mahendragarh,Total,,,,87.0,237.0,335.0,353.0,mahendragarh
2145,HH2507,6.0,84.0,411.0,0.0,Sub-District - Mahendragarh,Rural,,,,82.0,229.0,290.0,323.0,mahendragarh
2146,HH2507,6.0,84.0,411.0,0.0,Sub-District - Mahendragarh,Urban,,,435.0,5.0,8.0,45.0,30.0,mahendragarh
2148,HH2507,6.0,84.0,411.0,800421.0,Mahendragarh (MC),Urban,,,296.0,1.0,5.0,31.0,14.0,mahendragarh
2155,HH2507,6.0,85.0,0.0,0.0,District - Rewari,Total,,,,330.0,450.0,420.0,868.0,rewari
2156,HH2507,6.0,85.0,0.0,0.0,District - Rewari,Rural,,,,292.0,409.0,353.0,672.0,rewari
2157,HH2507,6.0,85.0,0.0,0.0,District - Rewari,Urban,,,,38.0,41.0,67.0,196.0,rewari
2162,HH2507,6.0,85.0,414.0,0.0,Sub-District - Rewari,Total,,,,138.0,266.0,281.0,627.0,rewari
2163,HH2507,6.0,85.0,414.0,0.0,Sub-District - Rewari,Rural,,,,102.0,230.0,217.0,446.0,rewari
2164,HH2507,6.0,85.0,414.0,0.0,Sub-District - Rewari,Urban,,,810.0,36.0,36.0,64.0,181.0,rewari
2226,HH2507,6.0,88.0,0.0,0.0,District - Faridabad,Total,,,,752.0,755.0,,,faridabad
2227,HH2507,6.0,88.0,0.0,0.0,District - Faridabad,Rural,,,,171.0,181.0,360.0,446.0,faridabad
2228,HH2507,6.0,88.0,0.0,0.0,District - Faridabad,Urban,,,,581.0,574.0,,,faridabad
2229,HH2507,6.0,88.0,425.0,0.0,Sub-District - Faridabad,Total,,,,627.0,644.0,,,faridabad
2230,HH2507,6.0,88.0,425.0,0.0,Sub-District - Faridabad,Rural,,,,46.0,70.0,117.0,168.0,faridabad
2231,HH2507,6.0,88.0,425.0,0.0,Sub-District - Faridabad,Urban,,,,581.0,574.0,,,faridabad
2241,HH2507,6.0,89.0,427.0,0.0,Sub-District - Palwal,Total,,,,332.0,241.0,457.0,695.0,palwal
2242,HH2507,6.0,89.0,427.0,0.0,Sub-District - Palwal,Rural,,,,136.0,173.0,343.0,456.0,palwal
2243,HH2507,6.0,89.0,427.0,0.0,Sub-District - Palwal,Urban,,,841.0,196.0,68.0,114.0,239.0,palwal
2310,HH2507,7.0,91.0,0.0,0.0,District - North,Total,,,,74.0,38.0,95.0,154.0,north
2311,HH2507,7.0,91.0,0.0,0.0,District - North,Rural,,,25.0,1.0,,1.0,2.0,north
2312,HH2507,7.0,91.0,0.0,0.0,District - North,Urban,,,,73.0,38.0,94.0,152.0,north
2359,HH2507,7.0,93.0,0.0,0.0,District - East,Total,,,,24.0,27.0,268.0,128.0,east
2360,HH2507,7.0,93.0,0.0,0.0,District - East,Rural,827.0,825.0,2.0,,,,,east
2361,HH2507,7.0,93.0,0.0,0.0,District - East,Urban,,,,24.0,27.0,268.0,128.0,east
2362,HH2507,7.0,93.0,439.0,0.0,Sub-District - Gandhi Nagar,Total,,,364.0,8.0,6.0,156.0,19.0,gandhinagar
2363,HH2507,7.0,93.0,439.0,0.0,Sub-District - Gandhi Nagar,Rural,,,,,,,,gandhinagar
2364,HH2507,7.0,93.0,439.0,0.0,Sub-District - Gandhi Nagar,Urban,,,364.0,8.0,6.0,156.0,19.0,gandhinagar
2413,HH2507,7.0,96.0,0.0,0.0,District - West,Total,,,,381.0,95.0,228.0,248.0,west
2414,HH2507,7.0,96.0,0.0,0.0,District - West,Rural,,,4.0,1.0,,1.0,,west
2415,HH2507,7.0,96.0,0.0,0.0,District - West,Urban,,,,380.0,95.0,227.0,248.0,west
2474,HH2507,7.0,98.0,0.0,0.0,District - South,Total,,,,153.0,98.0,394.0,365.0,south
2475,HH2507,7.0,98.0,0.0,0.0,District - South,Rural,,,36.0,,1.0,,,south
2476,HH2507,7.0,98.0,0.0,0.0,District - South,Urban,,,,153.0,97.0,394.0,365.0,south
2594,HH2507,8.0,101.0,0.0,0.0,District - Bikaner,Total,,,,,,,,bikaner
2595,HH2507,8.0,101.0,0.0,0.0,District - Bikaner,Rural,,,,,,,,bikaner
2596,HH2507,8.0,101.0,0.0,0.0,District - Bikaner,Urban,,,,172.0,359.0,473.0,,bikaner
2597,HH2507,8.0,101.0,473.0,0.0,Sub-District - Bikaner,Total,,,,435.0,351.0,799.0,,bikaner
2598,HH2507,8.0,101.0,473.0,0.0,Sub-District - Bikaner,Rural,,,,298.0,108.0,388.0,674.0,bikaner
2599,HH2507,8.0,101.0,473.0,0.0,Sub-District - Bikaner,Urban,,,,137.0,243.0,411.0,,bikaner
2642,HH2507,8.0,102.0,484.0,0.0,Sub-District - Churu,Total,,,,30.0,153.0,69.0,312.0,churu
2643,HH2507,8.0,102.0,484.0,0.0,Sub-District - Churu,Rural,,,,27.0,125.0,20.0,207.0,churu
2644,HH2507,8.0,102.0,484.0,0.0,Sub-District - Churu,Urban,,,767.0,3.0,28.0,49.0,105.0,churu
2658,HH2507,8.0,103.0,0.0,0.0,District - Jhunjhunun,Total,,,,422.0,889.0,483.0,,jhunjhunun
2659,HH2507,8.0,103.0,0.0,0.0,District - Jhunjhunun,Rural,,,,351.0,741.0,311.0,761.0,jhunjhunun
2660,HH2507,8.0,103.0,0.0,0.0,District - Jhunjhunun,Urban,,,,71.0,148.0,172.0,438.0,jhunjhunun
2661,HH2507,8.0,103.0,487.0,0.0,Sub-District - Jhunjhunun,Total,,,,92.0,260.0,77.0,393.0,jhunjhunun
2662,HH2507,8.0,103.0,487.0,0.0,Sub-District - Jhunjhunun,Rural,,,,53.0,173.0,24.0,186.0,jhunjhunun
2663,HH2507,8.0,103.0,487.0,0.0,Sub-District - Jhunjhunun,Urban,,,,39.0,87.0,53.0,207.0,jhunjhunun
2666,HH2507,8.0,103.0,487.0,800476.0,Jhunjhunun (M Cl),Urban,,,846.0,34.0,39.0,32.0,147.0,jhunjhunun
2697,HH2507,8.0,104.0,0.0,0.0,District - Alwar,Total,,,,,,,,alwar
2698,HH2507,8.0,104.0,0.0,0.0,District - Alwar,Rural,,,,,,,,alwar
2699,HH2507,8.0,104.0,0.0,0.0,District - Alwar,Urban,,,,69.0,182.0,406.0,531.0,alwar
2723,HH2507,8.0,104.0,498.0,0.0,Sub-District - Ramgarh,Total,,,,40.0,91.0,318.0,228.0,ramgarh
2724,HH2507,8.0,104.0,498.0,0.0,Sub-District - Ramgarh,Rural,,,,35.0,91.0,315.0,226.0,ramgarh
2725,HH2507,8.0,104.0,498.0,0.0,Sub-District - Ramgarh,Urban,,,96.0,5.0,,3.0,2.0,ramgarh
2727,HH2507,8.0,104.0,499.0,0.0,Sub-District - Alwar,Total,,,,140.0,237.0,635.0,670.0,alwar
2728,HH2507,8.0,104.0,499.0,0.0,Sub-District - Alwar,Rural,,,,104.0,178.0,401.0,361.0,alwar
2729,HH2507,8.0,104.0,499.0,0.0,Sub-District - Alwar,Urban,,,,36.0,59.0,234.0,309.0,alwar
2778,HH2507,8.0,105.0,511.0,0.0,Sub-District - Bharatpur,Total,,,,85.0,210.0,597.0,189.0,bharatpur
2779,HH2507,8.0,105.0,511.0,0.0,Sub-District - Bharatpur,Rural,,,,39.0,127.0,136.0,57.0,bharatpur
2780,HH2507,8.0,105.0,511.0,0.0,Sub-District - Bharatpur,Urban,,,,46.0,83.0,461.0,132.0,bharatpur
2795,HH2507,8.0,106.0,0.0,0.0,District - Dhaulpur,Total,,,,965.0,,316.0,415.0,dhaulpur
2796,HH2507,8.0,106.0,0.0,0.0,District - Dhaulpur,Rural,,,,917.0,,127.0,303.0,dhaulpur
2797,HH2507,8.0,106.0,0.0,0.0,District - Dhaulpur,Urban,,,,48.0,186.0,189.0,112.0,dhaulpur
2809,HH2507,8.0,106.0,518.0,0.0,Sub-District - Dhaulpur,Total,,,,105.0,274.0,223.0,177.0,dhaulpur
2810,HH2507,8.0,106.0,518.0,0.0,Sub-District - Dhaulpur,Rural,,,,91.0,224.0,63.0,75.0,dhaulpur
2811,HH2507,8.0,106.0,518.0,0.0,Sub-District - Dhaulpur,Urban,,,,14.0,50.0,160.0,102.0,dhaulpur
2831,HH2507,8.0,107.0,523.0,0.0,Sub-District - Karauli,Total,,,,607.0,273.0,239.0,198.0,karauli
2832,HH2507,8.0,107.0,523.0,0.0,Sub-District - Karauli,Rural,,,,588.0,255.0,212.0,145.0,karauli
2833,HH2507,8.0,107.0,523.0,0.0,Sub-District - Karauli,Urban,,,,19.0,18.0,27.0,53.0,karauli
2863,HH2507,8.0,108.0,531.0,0.0,Sub-District - Sawai Madhopur,Total,,,,286.0,128.0,57.0,180.0,sawaimadhopur
2864,HH2507,8.0,108.0,531.0,0.0,Sub-District - Sawai Madhopur,Rural,,,,269.0,104.0,31.0,137.0,sawaimadhopur
2865,HH2507,8.0,108.0,531.0,0.0,Sub-District - Sawai Madhopur,Urban,,,,17.0,24.0,26.0,43.0,sawaimadhopur
2885,HH2507,8.0,109.0,536.0,0.0,Sub-District - Dausa,Total,,,,94.0,183.0,148.0,185.0,dausa
2886,HH2507,8.0,109.0,536.0,0.0,Sub-District - Dausa,Rural,,,,86.0,163.0,137.0,158.0,dausa
2887,HH2507,8.0,109.0,536.0,0.0,Sub-District - Dausa,Urban,,,466.0,8.0,20.0,11.0,27.0,dausa
2933,HH2507,8.0,110.0,546.0,0.0,Sub-District - Jaipur,Total,,,,618.0,338.0,513.0,,jaipur
2934,HH2507,8.0,110.0,546.0,0.0,Sub-District - Jaipur,Rural,,,,24.0,23.0,98.0,195.0,jaipur
2935,HH2507,8.0,110.0,546.0,0.0,Sub-District - Jaipur,Urban,,,,594.0,315.0,415.0,,jaipur
2957,HH2507,8.0,111.0,0.0,0.0,District - Sikar,Total,,,,531.0,,,,sikar
2958,HH2507,8.0,111.0,0.0,0.0,District - Sikar,Rural,,,,488.0,912.0,958.0,,sikar
2959,HH2507,8.0,111.0,0.0,0.0,District - Sikar,Urban,,,,43.0,113.0,129.0,495.0,sikar
2969,HH2507,8.0,111.0,553.0,0.0,Sub-District - Sikar,Total,,,,87.0,215.0,289.0,624.0,sikar
2970,HH2507,8.0,111.0,553.0,0.0,Sub-District - Sikar,Rural,,,,68.0,188.0,261.0,310.0,sikar
2971,HH2507,8.0,111.0,553.0,0.0,Sub-District - Sikar,Urban,,,,19.0,27.0,28.0,314.0,sikar
3075,HH2507,8.0,114.0,0.0,0.0,District - Jaisalmer,Total,,,,,748.0,929.0,,jaisalmer
3076,HH2507,8.0,114.0,0.0,0.0,District - Jaisalmer,Rural,,,,,738.0,903.0,,jaisalmer
3077,HH2507,8.0,114.0,0.0,0.0,District - Jaisalmer,Urban,,,,29.0,10.0,26.0,121.0,jaisalmer
3078,HH2507,8.0,114.0,574.0,0.0,Sub-District - Jaisalmer,Total,,,,,482.0,648.0,,jaisalmer
3079,HH2507,8.0,114.0,574.0,0.0,Sub-District - Jaisalmer,Rural,,,,,473.0,622.0,,jaisalmer
3080,HH2507,8.0,114.0,574.0,0.0,Sub-District - Jaisalmer,Urban,,,,12.0,9.0,26.0,44.0,jaisalmer
3109,HH2507,8.0,115.0,582.0,0.0,Sub-District - Barmer,Total,,,,,315.0,280.0,,barmer
3110,HH2507,8.0,115.0,582.0,0.0,Sub-District - Barmer,Rural,,,,,301.0,257.0,,barmer
3111,HH2507,8.0,115.0,582.0,0.0,Sub-District - Barmer,Urban,,,,19.0,14.0,23.0,127.0,barmer
3148,HH2507,8.0,117.0,0.0,0.0,District - Sirohi,Total,,,,376.0,648.0,252.0,,sirohi
3149,HH2507,8.0,117.0,0.0,0.0,District - Sirohi,Rural,,,,349.0,495.0,177.0,885.0,sirohi
3150,HH2507,8.0,117.0,0.0,0.0,District - Sirohi,Urban,,,,27.0,153.0,75.0,143.0,sirohi
3155,HH2507,8.0,117.0,593.0,0.0,Sub-District - Sirohi,Total,,,,59.0,61.0,43.0,207.0,sirohi
3156,HH2507,8.0,117.0,593.0,0.0,Sub-District - Sirohi,Rural,,,,52.0,54.0,35.0,157.0,sirohi
3157,HH2507,8.0,117.0,593.0,0.0,Sub-District - Sirohi,Urban,,,655.0,7.0,7.0,8.0,50.0,sirohi
3182,HH2507,8.0,118.0,598.0,0.0,Sub-District - Raipur,Total,,,,160.0,172.0,42.0,326.0,raipur
3183,HH2507,8.0,118.0,598.0,0.0,Sub-District - Raipur,Rural,,,,160.0,172.0,42.0,326.0,raipur
3184,HH2507,8.0,118.0,598.0,0.0,Sub-District - Raipur,Urban,,,,,,,,raipur
3193,HH2507,8.0,118.0,601.0,0.0,Sub-District - Pali,Total,,,,61.0,216.0,115.0,636.0,pali
3194,HH2507,8.0,118.0,601.0,0.0,Sub-District - Pali,Rural,,,,46.0,131.0,76.0,271.0,pali
3195,HH2507,8.0,118.0,601.0,0.0,Sub-District - Pali,Urban,,,,15.0,85.0,39.0,365.0,pali
3216,HH2507,8.0,119.0,0.0,0.0,District - Ajmer,Total,,,,794.0,,,,ajmer
3217,HH2507,8.0,119.0,0.0,0.0,District - Ajmer,Rural,,,,679.0,,815.0,,ajmer
3218,HH2507,8.0,119.0,0.0,0.0,District - Ajmer,Urban,,,,115.0,159.0,264.0,468.0,ajmer
3223,HH2507,8.0,119.0,607.0,0.0,Sub-District - Ajmer,Total,,,,101.0,247.0,179.0,559.0,ajmer
3224,HH2507,8.0,119.0,607.0,0.0,Sub-District - Ajmer,Rural,,,,40.0,166.0,63.0,250.0,ajmer
3225,HH2507,8.0,119.0,607.0,0.0,Sub-District - Ajmer,Urban,,,,61.0,81.0,116.0,309.0,ajmer
3272,HH2507,8.0,120.0,618.0,0.0,Sub-District - Tonk,Total,,,,131.0,212.0,151.0,307.0,tonk
3273,HH2507,8.0,120.0,618.0,0.0,Sub-District - Tonk,Rural,,,,74.0,136.0,76.0,155.0,tonk
3274,HH2507,8.0,120.0,618.0,0.0,Sub-District - Tonk,Urban,,,,57.0,76.0,75.0,152.0,tonk
3310,HH2507,8.0,121.0,626.0,0.0,Sub-District - Bundi,Total,,,,106.0,216.0,250.0,622.0,bundi
3311,HH2507,8.0,121.0,626.0,0.0,Sub-District - Bundi,Rural,,,,93.0,165.0,203.0,510.0,bundi
3312,HH2507,8.0,121.0,626.0,0.0,Sub-District - Bundi,Urban,,,940.0,13.0,51.0,47.0,112.0,bundi
3316,HH2507,8.0,122.0,0.0,0.0,District - Bhilwara,Total,,,,458.0,,,,bhilwara
3317,HH2507,8.0,122.0,0.0,0.0,District - Bhilwara,Rural,,,,385.0,,,,bhilwara
3318,HH2507,8.0,122.0,0.0,0.0,District - Bhilwara,Urban,,,,73.0,61.0,535.0,353.0,bhilwara
3337,HH2507,8.0,122.0,632.0,0.0,Sub-District - Raipur,Total,,,,16.0,188.0,124.0,118.0,raipur
3338,HH2507,8.0,122.0,632.0,0.0,Sub-District - Raipur,Rural,,,,16.0,188.0,124.0,118.0,raipur
3339,HH2507,8.0,122.0,632.0,0.0,Sub-District - Raipur,Urban,,,,,,,,raipur
3344,HH2507,8.0,122.0,634.0,0.0,Sub-District - Bhilwara,Total,,,,94.0,143.0,738.0,508.0,bhilwara
3345,HH2507,8.0,122.0,634.0,0.0,Sub-District - Bhilwara,Rural,,,,32.0,115.0,285.0,281.0,bhilwara
3346,HH2507,8.0,122.0,634.0,0.0,Sub-District - Bhilwara,Urban,,,,62.0,28.0,453.0,227.0,bhilwara
3364,HH2507,8.0,123.0,0.0,0.0,District - Rajsamand,Total,,,,428.0,,,,rajsamand
3365,HH2507,8.0,123.0,0.0,0.0,District - Rajsamand,Rural,,,,419.0,,853.0,,rajsamand
3366,HH2507,8.0,123.0,0.0,0.0,District - Rajsamand,Urban,,,,9.0,133.0,184.0,96.0,rajsamand
3383,HH2507,8.0,123.0,643.0,0.0,Sub-District - Rajsamand,Total,,,,25.0,212.0,331.0,343.0,rajsamand
3384,HH2507,8.0,123.0,643.0,0.0,Sub-District - Rajsamand,Rural,,,,21.0,163.0,222.0,292.0,rajsamand
3385,HH2507,8.0,123.0,643.0,0.0,Sub-District - Rajsamand,Urban,,,576.0,4.0,49.0,109.0,51.0,rajsamand
3400,HH2507,8.0,124.0,646.0,0.0,Sub-District - Dungarpur,Total,,,,280.0,158.0,43.0,424.0,dungarpur
3401,HH2507,8.0,124.0,646.0,0.0,Sub-District - Dungarpur,Rural,,,,274.0,143.0,40.0,378.0,dungarpur
3402,HH2507,8.0,124.0,646.0,0.0,Sub-District - Dungarpur,Urban,,,321.0,6.0,15.0,3.0,46.0,dungarpur
3427,HH2507,8.0,125.0,652.0,0.0,Sub-District - Banswara,Total,,,,,206.0,128.0,574.0,banswara
3428,HH2507,8.0,125.0,652.0,0.0,Sub-District - Banswara,Rural,,,,,194.0,124.0,426.0,banswara
3429,HH2507,8.0,125.0,652.0,0.0,Sub-District - Banswara,Urban,,,912.0,7.0,12.0,4.0,148.0,banswara
3438,HH2507,8.0,126.0,0.0,0.0,District - Chittaurgarh ,Total,,,,285.0,685.0,,,chittaurgarh
3439,HH2507,8.0,126.0,0.0,0.0,District - Chittaurgarh ,Rural,,,,253.0,629.0,,,chittaurgarh
3440,HH2507,8.0,126.0,0.0,0.0,District - Chittaurgarh ,Urban,,,,32.0,56.0,231.0,105.0,chittaurgarh
3455,HH2507,8.0,126.0,659.0,0.0,Sub-District - Chittaurgarh,Total,,,,36.0,143.0,268.0,169.0,chittaurgarh
3456,HH2507,8.0,126.0,659.0,0.0,Sub-District - Chittaurgarh,Rural,,,,21.0,112.0,192.0,125.0,chittaurgarh
3457,HH2507,8.0,126.0,659.0,0.0,Sub-District - Chittaurgarh,Urban,,,585.0,15.0,31.0,76.0,44.0,chittaurgarh
3458,HH2507,8.0,126.0,659.0,800605.0,Chittaurgarh (M),Urban,,,478.0,14.0,25.0,72.0,42.0,chittaurgarh
3528,HH2507,8.0,128.0,674.0,0.0,Sub-District - Kishanganj,Total,,,,166.0,208.0,177.0,305.0,kishanganj
3529,HH2507,8.0,128.0,674.0,0.0,Sub-District - Kishanganj,Rural,,,,166.0,208.0,177.0,305.0,kishanganj
3530,HH2507,8.0,128.0,674.0,0.0,Sub-District - Kishanganj,Urban,,,,,,,,kishanganj
3542,HH2507,8.0,129.0,0.0,0.0,District - Jhalawar,Total,,,,208.0,702.0,,,jhalawar
3543,HH2507,8.0,129.0,0.0,0.0,District - Jhalawar,Rural,,,,176.0,570.0,,924.0,jhalawar
3544,HH2507,8.0,129.0,0.0,0.0,District - Jhalawar,Urban,,,,32.0,132.0,495.0,89.0,jhalawar
3628,HH2507,8.0,131.0,0.0,0.0,District - Pratapgarh ,Total,,,,,465.0,196.0,806.0,pratapgarh
3629,HH2507,8.0,131.0,0.0,0.0,District - Pratapgarh ,Rural,,,,,440.0,158.0,791.0,pratapgarh
3630,HH2507,8.0,131.0,0.0,0.0,District - Pratapgarh ,Urban,,,733.0,8.0,25.0,38.0,15.0,pratapgarh
3642,HH2507,8.0,131.0,699.0,0.0,Sub-District - Pratapgarh,Total,,,,207.0,128.0,120.0,93.0,pratapgarh
3643,HH2507,8.0,131.0,699.0,0.0,Sub-District - Pratapgarh,Rural,,,,202.0,106.0,98.0,88.0,pratapgarh
3644,HH2507,8.0,131.0,699.0,0.0,Sub-District - Pratapgarh,Urban,,,386.0,5.0,22.0,22.0,5.0,pratapgarh
3645,HH2507,8.0,131.0,699.0,800628.0,Pratapgarh (M),Urban,,,386.0,5.0,22.0,22.0,5.0,pratapgarh
3829,HH2507,9.0,136.0,725.0,0.0,Sub-District - Bilaspur,Total,,,,227.0,187.0,83.0,130.0,bilaspur
3830,HH2507,9.0,136.0,725.0,0.0,Sub-District - Bilaspur,Rural,,,,220.0,147.0,74.0,85.0,bilaspur
3831,HH2507,9.0,136.0,725.0,0.0,Sub-District - Bilaspur,Urban,,,,7.0,40.0,9.0,45.0,bilaspur
3996,HH2507,9.0,142.0,746.0,800748.0,Aurangabad (NP),Urban,,,,5.0,19.0,7.0,2.0,aurangabad
4177,HH2507,9.0,146.0,769.0,0.0,Sub-District - Fatehabad,Total,,,,175.0,321.0,141.0,162.0,fatehabad
4178,HH2507,9.0,146.0,769.0,0.0,Sub-District - Fatehabad,Rural,,,,167.0,310.0,132.0,120.0,fatehabad
4179,HH2507,9.0,146.0,769.0,0.0,Sub-District - Fatehabad,Urban,,,,8.0,11.0,9.0,42.0,fatehabad
4401,HH2507,9.0,153.0,801.0,0.0,Sub-District - Lakhimpur,Total,,,,920.0,200.0,160.0,507.0,lakhimpur
4402,HH2507,9.0,153.0,801.0,0.0,Sub-District - Lakhimpur,Rural,,,,891.0,149.0,121.0,230.0,lakhimpur
4403,HH2507,9.0,153.0,801.0,0.0,Sub-District - Lakhimpur,Urban,,,,29.0,51.0,39.0,277.0,lakhimpur
4886,HH2507,9.0,173.0,0.0,0.0,District - Pratapgarh,Total,,,,,,665.0,644.0,pratapgarh
4887,HH2507,9.0,173.0,0.0,0.0,District - Pratapgarh,Rural,,,,,,605.0,598.0,pratapgarh
4888,HH2507,9.0,173.0,0.0,0.0,District - Pratapgarh,Urban,,,,64.0,25.0,60.0,46.0,pratapgarh
4897,HH2507,9.0,173.0,882.0,0.0,Sub-District - Pratapgarh,Total,,,,419.0,270.0,137.0,215.0,pratapgarh
4898,HH2507,9.0,173.0,882.0,0.0,Sub-District - Pratapgarh,Rural,,,,377.0,259.0,89.0,177.0,pratapgarh
4899,HH2507,9.0,173.0,882.0,0.0,Sub-District - Pratapgarh,Urban,,,,42.0,11.0,48.0,38.0,pratapgarh
5749,HH2507,10.0,203.0,1021.0,0.0,Sub-District - Madhubani,Total,,379.0,,76.0,2.0,42.0,4.0,madhubani
5750,HH2507,10.0,203.0,1021.0,0.0,Sub-District - Madhubani,Rural,,379.0,,76.0,2.0,42.0,4.0,madhubani
5751,HH2507,10.0,203.0,1021.0,0.0,Sub-District - Madhubani,Urban,,,,,,,,madhubani
5784,HH2507,10.0,204.0,0.0,0.0,District - Purba Champaran,Total,,,,,,,426.0,purbachamparan
5785,HH2507,10.0,204.0,0.0,0.0,District - Purba Champaran,Rural,,,,,,,318.0,purbachamparan
5786,HH2507,10.0,204.0,0.0,0.0,District - Purba Champaran,Urban,,,,245.0,209.0,458.0,108.0,purbachamparan
5878,HH2507,10.0,205.0,0.0,0.0,District - Sheohar,Total,,,,848.0,305.0,443.0,31.0,sheohar
5879,HH2507,10.0,205.0,0.0,0.0,District - Sheohar,Rural,,,,833.0,294.0,439.0,26.0,sheohar
5880,HH2507,10.0,205.0,0.0,0.0,District - Sheohar,Urban,,,,15.0,11.0,4.0,5.0,sheohar
5887,HH2507,10.0,205.0,1060.0,0.0,Sub-District - Sheohar,Total,,,,259.0,20.0,41.0,7.0,sheohar
5888,HH2507,10.0,205.0,1060.0,0.0,Sub-District - Sheohar,Rural,,,,244.0,9.0,37.0,2.0,sheohar
5889,HH2507,10.0,205.0,1060.0,0.0,Sub-District - Sheohar,Urban,,,,15.0,11.0,4.0,5.0,sheohar
5897,HH2507,10.0,206.0,0.0,0.0,District - Sitamarhi,Total,,,,,,,336.0,sitamarhi
5898,HH2507,10.0,206.0,0.0,0.0,District - Sitamarhi,Rural,,,,,,,301.0,sitamarhi
5899,HH2507,10.0,206.0,0.0,0.0,District - Sitamarhi,Urban,,,,74.0,48.0,277.0,35.0,sitamarhi
5959,HH2507,10.0,207.0,0.0,0.0,District - Madhubani,Total,,,,,,,619.0,madhubani
5960,HH2507,10.0,207.0,0.0,0.0,District - Madhubani,Rural,,,,,,,577.0,madhubani
5961,HH2507,10.0,207.0,0.0,0.0,District - Madhubani,Urban,,,,72.0,95.0,190.0,42.0,madhubani
6002,HH2507,10.0,207.0,1093.0,0.0,Sub-District - Madhubani,Total,,,,166.0,178.0,300.0,72.0,madhubani
6003,HH2507,10.0,207.0,1093.0,0.0,Sub-District - Madhubani,Rural,,,,121.0,105.0,235.0,68.0,madhubani
6004,HH2507,10.0,207.0,1093.0,0.0,Sub-District - Madhubani,Urban,,,,45.0,73.0,65.0,4.0,madhubani
6070,HH2507,10.0,209.0,0.0,0.0,District - Araria,Total,,,,,,755.0,237.0,araria
6071,HH2507,10.0,209.0,0.0,0.0,District - Araria,Rural,,,,,,705.0,182.0,araria
6072,HH2507,10.0,209.0,0.0,0.0,District - Araria,Urban,,,,57.0,54.0,50.0,55.0,araria
6087,HH2507,10.0,209.0,1116.0,0.0,Sub-District - Araria,Total,,,,195.0,94.0,52.0,38.0,araria
6088,HH2507,10.0,209.0,1116.0,0.0,Sub-District - Araria,Rural,,,,173.0,63.0,37.0,21.0,araria
6089,HH2507,10.0,209.0,1116.0,0.0,Sub-District - Araria,Urban,,,,22.0,31.0,15.0,17.0,araria
6103,HH2507,10.0,210.0,0.0,0.0,District - Kishanganj,Total,,,,707.0,887.0,326.0,100.0,kishanganj
6104,HH2507,10.0,210.0,0.0,0.0,District - Kishanganj,Rural,,,,687.0,858.0,299.0,48.0,kishanganj
6105,HH2507,10.0,210.0,0.0,0.0,District - Kishanganj,Urban,,,,20.0,29.0,27.0,52.0,kishanganj
6126,HH2507,10.0,210.0,1127.0,0.0,Sub-District - Kishanganj,Total,,,,70.0,49.0,37.0,52.0,kishanganj
6127,HH2507,10.0,210.0,1127.0,0.0,Sub-District - Kishanganj,Rural,,,,54.0,25.0,14.0,3.0,kishanganj
6128,HH2507,10.0,210.0,1127.0,0.0,Sub-District - Kishanganj,Urban,,,,16.0,24.0,23.0,49.0,kishanganj
6129,HH2507,10.0,210.0,1127.0,801310.0,Kishanganj (Nagar Parishad),Urban,,,,16.0,24.0,23.0,49.0,kishanganj
6130,HH2507,10.0,211.0,0.0,0.0,District - Purnia,Total,,,,,,907.0,383.0,purnia
6131,HH2507,10.0,211.0,0.0,0.0,District - Purnia,Rural,,,,,,808.0,332.0,purnia
6132,HH2507,10.0,211.0,0.0,0.0,District - Purnia,Urban,,,,125.0,129.0,99.0,51.0,purnia
6178,HH2507,10.0,212.0,0.0,0.0,District - Katihar,Total,,,,,,,261.0,katihar
6179,HH2507,10.0,212.0,0.0,0.0,District - Katihar,Rural,,,,,,,156.0,katihar
6180,HH2507,10.0,212.0,0.0,0.0,District - Katihar,Urban,,,,80.0,221.0,79.0,105.0,katihar
6209,HH2507,10.0,212.0,1151.0,0.0,Sub-District - Katihar,Total,,,,105.0,299.0,139.0,120.0,katihar
6210,HH2507,10.0,212.0,1151.0,0.0,Sub-District - Katihar,Rural,,,,38.0,83.0,69.0,15.0,katihar
6211,HH2507,10.0,212.0,1151.0,0.0,Sub-District - Katihar,Urban,,,,67.0,216.0,70.0,105.0,katihar
6232,HH2507,10.0,213.0,0.0,0.0,District - Madhepura,Total,,,,,,547.0,51.0,madhepura
6233,HH2507,10.0,213.0,0.0,0.0,District - Madhepura,Rural,,,,,,515.0,47.0,madhepura
6234,HH2507,10.0,213.0,0.0,0.0,District - Madhepura,Urban,,,,31.0,40.0,32.0,4.0,madhepura
6245,HH2507,10.0,213.0,1161.0,0.0,Sub-District - Madhepura,Total,,,,142.0,146.0,85.0,3.0,madhepura
6246,HH2507,10.0,213.0,1161.0,0.0,Sub-District - Madhepura,Rural,,,,117.0,111.0,65.0,2.0,madhepura
6247,HH2507,10.0,213.0,1161.0,0.0,Sub-District - Madhepura,Urban,,,,25.0,35.0,20.0,1.0,madhepura
6265,HH2507,10.0,213.0,1167.0,0.0,Sub-District - Kishanganj,Total,,,,88.0,26.0,35.0,3.0,kishanganj
6266,HH2507,10.0,213.0,1167.0,0.0,Sub-District - Kishanganj,Rural,,,,88.0,26.0,35.0,3.0,kishanganj
6267,HH2507,10.0,213.0,1167.0,0.0,Sub-District - Kishanganj,Urban,,,,,,,,kishanganj
6311,HH2507,10.0,215.0,0.0,0.0,District - Darbhanga,Total,,,,,,,731.0,darbhanga
6312,HH2507,10.0,215.0,0.0,0.0,District - Darbhanga,Rural,,,,,,,479.0,darbhanga
6313,HH2507,10.0,215.0,0.0,0.0,District - Darbhanga,Urban,,,,178.0,289.0,206.0,252.0,darbhanga
6323,HH2507,10.0,215.0,1184.0,0.0,Sub-District - Darbhanga,Total,,,,595.0,376.0,274.0,176.0,darbhanga
6324,HH2507,10.0,215.0,1184.0,0.0,Sub-District - Darbhanga,Rural,,,,472.0,123.0,117.0,32.0,darbhanga
6325,HH2507,10.0,215.0,1184.0,0.0,Sub-District - Darbhanga,Urban,,,,123.0,253.0,157.0,144.0,darbhanga
6372,HH2507,10.0,216.0,0.0,0.0,District - Muzaffarpur,Total,,,,,,,833.0,muzaffarpur
6373,HH2507,10.0,216.0,0.0,0.0,District - Muzaffarpur,Rural,,,,,,,689.0,muzaffarpur
6374,HH2507,10.0,216.0,0.0,0.0,District - Muzaffarpur,Urban,,,,283.0,255.0,167.0,144.0,muzaffarpur
6421,HH2507,10.0,216.0,1212.0,801324.0,Muzaffarpur (M Corp.),Urban,,,,193.0,139.0,117.0,96.0,muzaffarpur
6432,HH2507,10.0,217.0,0.0,0.0,District - Gopalganj,Total,,,,,,924.0,369.0,gopalganj
6433,HH2507,10.0,217.0,0.0,0.0,District - Gopalganj,Rural,,,,,,854.0,324.0,gopalganj
6434,HH2507,10.0,217.0,0.0,0.0,District - Gopalganj,Urban,,,,35.0,53.0,70.0,45.0,gopalganj
6465,HH2507,10.0,217.0,1224.0,0.0,Sub-District - Gopalganj,Total,,,,139.0,114.0,138.0,44.0,gopalganj
6466,HH2507,10.0,217.0,1224.0,0.0,Sub-District - Gopalganj,Rural,,,,126.0,101.0,102.0,25.0,gopalganj
6467,HH2507,10.0,217.0,1224.0,0.0,Sub-District - Gopalganj,Urban,,,,13.0,13.0,36.0,19.0,gopalganj
6482,HH2507,10.0,218.0,0.0,0.0,District - Siwan,Total,,,,,,,365.0,siwan
6483,HH2507,10.0,218.0,0.0,0.0,District - Siwan,Rural,,,,,,998.0,325.0,siwan
6484,HH2507,10.0,218.0,0.0,0.0,District - Siwan,Urban,,,,71.0,146.0,154.0,40.0,siwan
6488,HH2507,10.0,218.0,1230.0,0.0,Sub-District - Siwan,Total,,,,156.0,290.0,145.0,75.0,siwan
6489,HH2507,10.0,218.0,1230.0,0.0,Sub-District - Siwan,Rural,,,,128.0,151.0,46.0,35.0,siwan
6490,HH2507,10.0,218.0,1230.0,0.0,Sub-District - Siwan,Urban,,,,28.0,139.0,99.0,40.0,siwan
6545,HH2507,10.0,219.0,0.0,0.0,District - Saran,Total,,,,,,,701.0,saran
6546,HH2507,10.0,219.0,0.0,0.0,District - Saran,Rural,,,,,,,603.0,saran
6547,HH2507,10.0,219.0,0.0,0.0,District - Saran,Urban,,,,102.0,147.0,94.0,98.0,saran
6738,HH2507,10.0,222.0,0.0,0.0,District - Begusarai,Total,,,,,,,406.0,begusarai
6739,HH2507,10.0,222.0,0.0,0.0,District - Begusarai,Rural,,,,,,981.0,226.0,begusarai
6740,HH2507,10.0,222.0,0.0,0.0,District - Begusarai,Urban,,,,170.0,142.0,332.0,180.0,begusarai
6777,HH2507,10.0,222.0,1314.0,0.0,Sub-District - Begusarai,Total,,,,247.0,237.0,375.0,156.0,begusarai
6778,HH2507,10.0,222.0,1314.0,0.0,Sub-District - Begusarai,Rural,,,,163.0,161.0,164.0,20.0,begusarai
6779,HH2507,10.0,222.0,1314.0,0.0,Sub-District - Begusarai,Urban,,,,84.0,76.0,211.0,136.0,begusarai
6805,HH2507,10.0,223.0,0.0,0.0,District - Khagaria,Total,,,,,643.0,528.0,56.0,khagaria
6806,HH2507,10.0,223.0,0.0,0.0,District - Khagaria,Rural,,,,,635.0,492.0,53.0,khagaria
6807,HH2507,10.0,223.0,0.0,0.0,District - Khagaria,Urban,,,,28.0,8.0,36.0,3.0,khagaria
6811,HH2507,10.0,223.0,1323.0,0.0,Sub-District - Khagaria,Total,,,,207.0,76.0,96.0,18.0,khagaria
6812,HH2507,10.0,223.0,1323.0,0.0,Sub-District - Khagaria,Rural,,,,196.0,71.0,85.0,18.0,khagaria
6813,HH2507,10.0,223.0,1323.0,0.0,Sub-District - Khagaria,Urban,,,,11.0,5.0,11.0,,khagaria
6831,HH2507,10.0,224.0,0.0,0.0,District - Bhagalpur,Total,,,,,,,771.0,bhagalpur
6832,HH2507,10.0,224.0,0.0,0.0,District - Bhagalpur,Rural,,,,,,,634.0,bhagalpur
6833,HH2507,10.0,224.0,0.0,0.0,District - Bhagalpur,Urban,,,,375.0,599.0,481.0,137.0,bhagalpur
6834,HH2507,10.0,224.0,1329.0,0.0,Sub-District - Narayanpur,Total,,,,47.0,92.0,9.0,5.0,narayanpur
6835,HH2507,10.0,224.0,1329.0,0.0,Sub-District - Narayanpur,Rural,,,,47.0,92.0,9.0,5.0,narayanpur
6836,HH2507,10.0,224.0,1329.0,0.0,Sub-District - Narayanpur,Urban,,,,,,,,narayanpur
6892,HH2507,10.0,225.0,0.0,0.0,District - Banka,Total,,,,,,,168.0,banka
6893,HH2507,10.0,225.0,0.0,0.0,District - Banka,Rural,,,,,,,165.0,banka
6894,HH2507,10.0,225.0,0.0,0.0,District - Banka,Urban,,,,31.0,30.0,69.0,3.0,banka
6911,HH2507,10.0,225.0,1350.0,0.0,Sub-District - Banka,Total,,,,123.0,89.0,104.0,9.0,banka
6912,HH2507,10.0,225.0,1350.0,0.0,Sub-District - Banka,Rural,,,,108.0,68.0,60.0,6.0,banka
6913,HH2507,10.0,225.0,1350.0,0.0,Sub-District - Banka,Urban,,,,15.0,21.0,44.0,3.0,banka
6930,HH2507,10.0,226.0,0.0,0.0,District - Munger,Total,,,,,989.0,794.0,366.0,munger
6931,HH2507,10.0,226.0,0.0,0.0,District - Munger,Rural,,,,885.0,691.0,649.0,131.0,munger
6932,HH2507,10.0,226.0,0.0,0.0,District - Munger,Urban,,,,130.0,298.0,145.0,235.0,munger
6933,HH2507,10.0,226.0,1356.0,0.0,Sub-District - Munger,Total,,,,174.0,488.0,261.0,228.0,munger
6934,HH2507,10.0,226.0,1356.0,0.0,Sub-District - Munger,Rural,,,,99.0,297.0,189.0,36.0,munger
6935,HH2507,10.0,226.0,1356.0,0.0,Sub-District - Munger,Urban,,,,75.0,191.0,72.0,192.0,munger
6993,HH2507,10.0,228.0,0.0,0.0,District - Sheikhpura,Total,,,,,478.0,292.0,55.0,sheikhpura
6994,HH2507,10.0,228.0,0.0,0.0,District - Sheikhpura,Rural,,,,986.0,441.0,251.0,40.0,sheikhpura
6995,HH2507,10.0,228.0,0.0,0.0,District - Sheikhpura,Urban,,,,34.0,37.0,41.0,15.0,sheikhpura
7003,HH2507,10.0,228.0,1374.0,0.0,Sub-District - Sheikhpura,Total,,,,286.0,77.0,68.0,23.0,sheikhpura
7004,HH2507,10.0,228.0,1374.0,0.0,Sub-District - Sheikhpura,Rural,,,,270.0,42.0,50.0,11.0,sheikhpura
7005,HH2507,10.0,228.0,1374.0,0.0,Sub-District - Sheikhpura,Urban,,,,16.0,35.0,18.0,12.0,sheikhpura
7006,HH2507,10.0,228.0,1374.0,801363.0,Sheikhpura (Nagar Parishad),Urban,,,,16.0,35.0,18.0,12.0,sheikhpura
7016,HH2507,10.0,229.0,0.0,0.0,District - Nalanda,Total,,,,,,,737.0,nalanda
7017,HH2507,10.0,229.0,0.0,0.0,District - Nalanda,Rural,,,,,,,396.0,nalanda
7018,HH2507,10.0,229.0,0.0,0.0,District - Nalanda,Urban,,,,324.0,326.0,183.0,341.0,nalanda
7085,HH2507,10.0,230.0,0.0,0.0,District - Patna,Total,,,,,,,,patna
7086,HH2507,10.0,230.0,0.0,0.0,District - Patna,Rural,,,,,,,578.0,patna
7087,HH2507,10.0,230.0,0.0,0.0,District - Patna,Urban,,,,817.0,688.0,813.0,668.0,patna
7179,HH2507,10.0,231.0,0.0,0.0,District - Bhojpur,Total,,,,,,,573.0,bhojpur
7180,HH2507,10.0,231.0,0.0,0.0,District - Bhojpur,Rural,,,,,,,480.0,bhojpur
7181,HH2507,10.0,231.0,0.0,0.0,District - Bhojpur,Urban,,,,177.0,184.0,203.0,93.0,bhojpur
7272,HH2507,10.0,233.0,1446.0,0.0,Sub-District - Ramgarh,Total,,,,43.0,9.0,26.0,33.0,ramgarh
7273,HH2507,10.0,233.0,1446.0,0.0,Sub-District - Ramgarh,Rural,,,,34.0,9.0,22.0,33.0,ramgarh
7274,HH2507,10.0,233.0,1446.0,0.0,Sub-District - Ramgarh,Urban,,788.0,521.0,9.0,,4.0,,ramgarh
7308,HH2507,10.0,234.0,0.0,0.0,District - Rohtas,Total,,,,,,,444.0,rohtas
7309,HH2507,10.0,234.0,0.0,0.0,District - Rohtas,Rural,,,,,,,297.0,rohtas
7310,HH2507,10.0,234.0,0.0,0.0,District - Rohtas,Urban,,,,140.0,225.0,192.0,147.0,rohtas
7374,HH2507,10.0,234.0,1475.0,0.0,Sub-District - Rohtas,Total,,,,50.0,27.0,21.0,19.0,rohtas
7375,HH2507,10.0,234.0,1475.0,0.0,Sub-District - Rohtas,Rural,,,,45.0,27.0,19.0,4.0,rohtas
7376,HH2507,10.0,234.0,1475.0,0.0,Sub-District - Rohtas,Urban,700.0,299.0,379.0,5.0,,2.0,15.0,rohtas
7378,HH2507,10.0,235.0,0.0,0.0,District - Aurangabad,Total,,,,,,787.0,371.0,aurangabad
7379,HH2507,10.0,235.0,0.0,0.0,District - Aurangabad,Rural,,,,,,691.0,353.0,aurangabad
7380,HH2507,10.0,235.0,0.0,0.0,District - Aurangabad,Urban,,,,333.0,79.0,96.0,18.0,aurangabad
7400,HH2507,10.0,235.0,1481.0,0.0,Sub-District - Aurangabad,Total,,,,146.0,123.0,85.0,15.0,aurangabad
7401,HH2507,10.0,235.0,1481.0,0.0,Sub-District - Aurangabad,Rural,,,,99.0,104.0,43.0,7.0,aurangabad
7402,HH2507,10.0,235.0,1481.0,0.0,Sub-District - Aurangabad,Urban,,,,47.0,19.0,42.0,8.0,aurangabad
7403,HH2507,10.0,235.0,1481.0,801401.0,Aurangabad (Nagar Parishad),Urban,,,,47.0,19.0,42.0,8.0,aurangabad
7420,HH2507,10.0,236.0,0.0,0.0,District - Gaya,Total,,,,,,,,gaya
7421,HH2507,10.0,236.0,0.0,0.0,District - Gaya,Rural,,,,,,,482.0,gaya
7422,HH2507,10.0,236.0,0.0,0.0,District - Gaya,Urban,,,,241.0,240.0,125.0,601.0,gaya
7501,HH2507,10.0,237.0,0.0,0.0,District - Nawada,Total,,,,,,,208.0,nawada
7502,HH2507,10.0,237.0,0.0,0.0,District - Nawada,Rural,,,,,932.0,841.0,182.0,nawada
7503,HH2507,10.0,237.0,0.0,0.0,District - Nawada,Urban,,,,203.0,84.0,214.0,26.0,nawada
7507,HH2507,10.0,237.0,1512.0,0.0,Sub-District - Nawada,Total,,,,385.0,188.0,199.0,32.0,nawada
7508,HH2507,10.0,237.0,1512.0,0.0,Sub-District - Nawada,Rural,,,,346.0,136.0,159.0,17.0,nawada
7509,HH2507,10.0,237.0,1512.0,0.0,Sub-District - Nawada,Urban,,,,39.0,52.0,40.0,15.0,nawada
7551,HH2507,10.0,238.0,0.0,0.0,District - Jamui,Total,,,,,,674.0,335.0,jamui
7552,HH2507,10.0,238.0,0.0,0.0,District - Jamui,Rural,,,,,913.0,575.0,306.0,jamui
7553,HH2507,10.0,238.0,0.0,0.0,District - Jamui,Urban,,,,60.0,145.0,99.0,29.0,jamui
7560,HH2507,10.0,238.0,1527.0,0.0,Sub-District - Jamui,Total,,,,226.0,262.0,157.0,41.0,jamui
7561,HH2507,10.0,238.0,1527.0,0.0,Sub-District - Jamui,Rural,,,,197.0,168.0,68.0,16.0,jamui
7562,HH2507,10.0,238.0,1527.0,0.0,Sub-District - Jamui,Urban,,,,29.0,94.0,89.0,25.0,jamui
7595,HH2507,10.0,239.0,1536.0,0.0,Sub-District - Jehanabad,Total,,,,427.0,216.0,242.0,24.0,jehanabad
7596,HH2507,10.0,239.0,1536.0,0.0,Sub-District - Jehanabad,Rural,,,,366.0,131.0,55.0,18.0,jehanabad
7597,HH2507,10.0,239.0,1536.0,0.0,Sub-District - Jehanabad,Urban,,,,61.0,85.0,187.0,6.0,jehanabad
7615,HH2507,10.0,240.0,0.0,0.0,District - Arwal,Total,,,,,495.0,137.0,46.0,arwal
7616,HH2507,10.0,240.0,0.0,0.0,District - Arwal,Rural,,,,,373.0,98.0,46.0,arwal
7617,HH2507,10.0,240.0,0.0,0.0,District - Arwal,Urban,,818.0,,156.0,122.0,39.0,,arwal
7618,HH2507,10.0,240.0,1542.0,0.0,Sub-District - Arwal,Total,,,,753.0,283.0,69.0,,arwal
7619,HH2507,10.0,240.0,1542.0,0.0,Sub-District - Arwal,Rural,,229.0,,597.0,161.0,30.0,,arwal
7620,HH2507,10.0,240.0,1542.0,0.0,Sub-District - Arwal,Urban,,818.0,,156.0,122.0,39.0,,arwal
7659,HH2507,11.0,243.0,0.0,0.0,District - South District,Total,,,,31.0,41.0,11.0,123.0,southdistrict
7660,HH2507,11.0,243.0,0.0,0.0,District - South District,Rural,,,,26.0,41.0,11.0,113.0,southdistrict
7661,HH2507,11.0,243.0,0.0,0.0,District - South District,Urban,,,49.0,5.0,,,10.0,southdistrict
7670,HH2507,11.0,244.0,0.0,0.0,District - East District,Total,,,,165.0,61.0,30.0,322.0,eastdistrict
7671,HH2507,11.0,244.0,0.0,0.0,District - East District,Rural,,,,158.0,51.0,29.0,210.0,eastdistrict
7672,HH2507,11.0,244.0,0.0,0.0,District - East District,Urban,,,249.0,7.0,10.0,1.0,112.0,eastdistrict
8333,HH2507,13.0,261.0,0.0,0.0,District - Mon,Total,,,,132.0,173.0,653.0,,mon
8334,HH2507,13.0,261.0,0.0,0.0,District - Mon,Rural,,,,126.0,166.0,652.0,,mon
8335,HH2507,13.0,261.0,0.0,0.0,District - Mon,Urban,,,374.0,6.0,7.0,1.0,30.0,mon
8380,HH2507,13.0,262.0,0.0,0.0,District - Mokokchung,Total,,,,117.0,69.0,52.0,62.0,mokokchung
8381,HH2507,13.0,262.0,0.0,0.0,District - Mokokchung,Rural,,,,99.0,61.0,46.0,50.0,mokokchung
8382,HH2507,13.0,262.0,0.0,0.0,District - Mokokchung,Urban,,,162.0,18.0,8.0,6.0,12.0,mokokchung
8413,HH2507,13.0,262.0,1766.0,801454.0,Mokokchung (MC),Urban,,,91.0,17.0,5.0,3.0,6.0,mokokchung
8414,HH2507,13.0,263.0,0.0,0.0,District - Zunheboto,Total,,,,156.0,35.0,24.0,184.0,zunheboto
8415,HH2507,13.0,263.0,0.0,0.0,District - Zunheboto,Rural,,,,123.0,34.0,22.0,162.0,zunheboto
8416,HH2507,13.0,263.0,0.0,0.0,District - Zunheboto,Urban,,,87.0,33.0,1.0,2.0,22.0,zunheboto
8458,HH2507,13.0,264.0,0.0,0.0,District - Wokha,Total,,,,161.0,102.0,528.0,276.0,wokha
8459,HH2507,13.0,264.0,0.0,0.0,District - Wokha,Rural,,,,161.0,100.0,519.0,265.0,wokha
8460,HH2507,13.0,264.0,0.0,0.0,District - Wokha,Urban,,,62.0,,2.0,9.0,11.0,wokha
8532,HH2507,13.0,266.0,0.0,0.0,District - Phek,Total,,,,17.0,42.0,379.0,182.0,phek
8533,HH2507,13.0,266.0,0.0,0.0,District - Phek,Rural,,,,16.0,42.0,370.0,178.0,phek
8534,HH2507,13.0,266.0,0.0,0.0,District - Phek,Urban,,,62.0,1.0,,9.0,4.0,phek
8579,HH2507,13.0,267.0,0.0,0.0,District - Tuensang,Total,,,,127.0,147.0,,,tuensang
8580,HH2507,13.0,267.0,0.0,0.0,District - Tuensang,Rural,,,,119.0,135.0,,996.0,tuensang
8581,HH2507,13.0,267.0,0.0,0.0,District - Tuensang,Urban,,,214.0,8.0,12.0,5.0,11.0,tuensang
8631,HH2507,13.0,268.0,0.0,0.0,District - Longleng,Total,,,,39.0,6.0,108.0,205.0,longleng
8632,HH2507,13.0,268.0,0.0,0.0,District - Longleng,Rural,,,,37.0,3.0,105.0,165.0,longleng
8633,HH2507,13.0,268.0,0.0,0.0,District - Longleng,Urban,,,214.0,2.0,3.0,3.0,40.0,longleng
8643,HH2507,13.0,268.0,1833.0,0.0,Sub-District - Longleng,Total,,,,16.0,4.0,4.0,118.0,longleng
8644,HH2507,13.0,268.0,1833.0,0.0,Sub-District - Longleng,Rural,,,946.0,14.0,1.0,1.0,78.0,longleng
8645,HH2507,13.0,268.0,1833.0,0.0,Sub-District - Longleng,Urban,,,214.0,2.0,3.0,3.0,40.0,longleng
8708,HH2507,13.0,271.0,0.0,0.0,District - Peren,Total,,,,301.0,42.0,106.0,53.0,peren
8709,HH2507,13.0,271.0,0.0,0.0,District - Peren,Rural,,,,299.0,40.0,104.0,46.0,peren
8710,HH2507,13.0,271.0,0.0,0.0,District - Peren,Urban,,,176.0,2.0,2.0,2.0,7.0,peren
8730,HH2507,13.0,271.0,1857.0,0.0,Sub-District - Peren,Total,,,310.0,19.0,5.0,52.0,2.0,peren
8731,HH2507,13.0,271.0,1857.0,0.0,Sub-District - Peren,Rural,780.0,437.0,267.0,18.0,5.0,52.0,1.0,peren
8732,HH2507,13.0,271.0,1857.0,0.0,Sub-District - Peren,Urban,956.0,911.0,43.0,1.0,,,1.0,peren
8740,HH2507,14.0,272.0,0.0,0.0,District - Senapati,Total,,,,681.0,257.0,601.0,254.0,senapati
8741,HH2507,14.0,272.0,0.0,0.0,District - Senapati,Rural,,,,680.0,257.0,601.0,254.0,senapati
8742,HH2507,14.0,272.0,0.0,0.0,District - Senapati,Urban,,,10.0,1.0,,,,senapati
8753,HH2507,14.0,273.0,0.0,0.0,District - Tamenglong ,Total,,,,,52.0,407.0,172.0,tamenglong
8754,HH2507,14.0,273.0,0.0,0.0,District - Tamenglong ,Rural,,,,,39.0,403.0,170.0,tamenglong
8755,HH2507,14.0,273.0,0.0,0.0,District - Tamenglong ,Urban,,,502.0,16.0,13.0,4.0,2.0,tamenglong
8762,HH2507,14.0,273.0,1866.0,0.0,Sub-District - Tamenglong ,Total,,,,140.0,15.0,17.0,53.0,tamenglong
8763,HH2507,14.0,273.0,1866.0,0.0,Sub-District - Tamenglong ,Rural,,,,124.0,2.0,13.0,51.0,tamenglong
8764,HH2507,14.0,273.0,1866.0,0.0,Sub-District - Tamenglong ,Urban,,,502.0,16.0,13.0,4.0,2.0,tamenglong
8765,HH2507,14.0,273.0,1866.0,269207.0,Tamenglong (CT),Urban,,,502.0,16.0,13.0,4.0,2.0,tamenglong
8769,HH2507,14.0,274.0,0.0,0.0,District - Churachandpur,Total,,,,,351.0,424.0,484.0,churachandpur
8770,HH2507,14.0,274.0,0.0,0.0,District - Churachandpur,Rural,,,,,346.0,423.0,483.0,churachandpur
8771,HH2507,14.0,274.0,0.0,0.0,District - Churachandpur,Urban,,,36.0,17.0,5.0,1.0,1.0,churachandpur
8781,HH2507,14.0,274.0,1871.0,0.0,Sub-District - Churachandpur,Total,,,,394.0,197.0,111.0,17.0,churachandpur
8782,HH2507,14.0,274.0,1871.0,0.0,Sub-District - Churachandpur,Rural,,,,377.0,192.0,110.0,16.0,churachandpur
8783,HH2507,14.0,274.0,1871.0,0.0,Sub-District - Churachandpur,Urban,,,36.0,17.0,5.0,1.0,1.0,churachandpur
8790,HH2507,14.0,275.0,0.0,0.0,District - Bishnupur,Total,,,,150.0,56.0,,159.0,bishnupur
8791,HH2507,14.0,275.0,0.0,0.0,District - Bishnupur,Rural,,,,91.0,38.0,510.0,60.0,bishnupur
8792,HH2507,14.0,275.0,0.0,0.0,District - Bishnupur,Urban,,,,59.0,18.0,636.0,99.0,bishnupur
8799,HH2507,14.0,275.0,1874.0,0.0,Sub-District - Bishnupur,Total,,,,21.0,11.0,7.0,18.0,bishnupur
8800,HH2507,14.0,275.0,1874.0,0.0,Sub-District - Bishnupur,Rural,,,987.0,14.0,2.0,5.0,11.0,bishnupur
8801,HH2507,14.0,275.0,1874.0,0.0,Sub-District - Bishnupur,Urban,,,219.0,7.0,9.0,2.0,7.0,bishnupur
8810,HH2507,14.0,276.0,0.0,0.0,District - Thoubal,Total,,,,168.0,217.0,,393.0,thoubal
8811,HH2507,14.0,276.0,0.0,0.0,District - Thoubal,Rural,,,,117.0,163.0,,235.0,thoubal
8812,HH2507,14.0,276.0,0.0,0.0,District - Thoubal,Urban,,,,51.0,54.0,,158.0,thoubal
8833,HH2507,14.0,277.0,0.0,0.0,District - Imphal West,Total,,,,541.0,559.0,,513.0,imphalwest
8834,HH2507,14.0,277.0,0.0,0.0,District - Imphal West,Rural,,,,210.0,245.0,,150.0,imphalwest
8835,HH2507,14.0,277.0,0.0,0.0,District - Imphal West,Urban,,,,331.0,314.0,,363.0,imphalwest
8913,HH2507,14.0,280.0,0.0,0.0,District - Chandel,Total,,,,360.0,75.0,,291.0,chandel
8914,HH2507,14.0,280.0,0.0,0.0,District - Chandel,Rural,,,,358.0,73.0,,288.0,chandel
8915,HH2507,14.0,280.0,0.0,0.0,District - Chandel,Urban,,,116.0,2.0,2.0,3.0,3.0,chandel
8933,HH2507,15.0,281.0,0.0,0.0,District - Mamit,Total,,,,313.0,52.0,116.0,56.0,mamit
8934,HH2507,15.0,281.0,0.0,0.0,District - Mamit,Rural,,,,300.0,45.0,112.0,52.0,mamit
8935,HH2507,15.0,281.0,0.0,0.0,District - Mamit,Urban,,,125.0,13.0,7.0,4.0,4.0,mamit
8948,HH2507,15.0,282.0,0.0,0.0,District - Kolasib,Total,,,,25.0,11.0,24.0,39.0,kolasib
8949,HH2507,15.0,282.0,0.0,0.0,District - Kolasib,Rural,,,,19.0,4.0,5.0,31.0,kolasib
8950,HH2507,15.0,282.0,0.0,0.0,District - Kolasib,Urban,,,669.0,6.0,7.0,19.0,8.0,kolasib
8964,HH2507,15.0,283.0,0.0,0.0,District - Aizawl,Total,,,,307.0,60.0,89.0,42.0,aizawl
8965,HH2507,15.0,283.0,0.0,0.0,District - Aizawl,Rural,,,,282.0,14.0,23.0,15.0,aizawl
8966,HH2507,15.0,283.0,0.0,0.0,District - Aizawl,Urban,,,372.0,25.0,46.0,66.0,27.0,aizawl
8986,HH2507,15.0,284.0,0.0,0.0,District - Champhai,Total,,,,100.0,55.0,45.0,76.0,champhai
8987,HH2507,15.0,284.0,0.0,0.0,District - Champhai,Rural,,,,96.0,26.0,23.0,50.0,champhai
8988,HH2507,15.0,284.0,0.0,0.0,District - Champhai,Urban,,,132.0,4.0,29.0,22.0,26.0,champhai
8997,HH2507,15.0,284.0,1908.0,0.0,Sub-District - Champhai,Total,,,236.0,24.0,36.0,27.0,49.0,champhai
8998,HH2507,15.0,284.0,1908.0,0.0,Sub-District - Champhai,Rural,,,143.0,23.0,11.0,7.0,26.0,champhai
8999,HH2507,15.0,284.0,1908.0,0.0,Sub-District - Champhai,Urban,,,93.0,1.0,25.0,20.0,23.0,champhai
9023,HH2507,15.0,286.0,0.0,0.0,District - Lunglei,Total,,,,507.0,283.0,162.0,295.0,lunglei
9024,HH2507,15.0,286.0,0.0,0.0,District - Lunglei,Rural,,,,505.0,278.0,155.0,268.0,lunglei
9025,HH2507,15.0,286.0,0.0,0.0,District - Lunglei,Urban,,,190.0,2.0,5.0,7.0,27.0,lunglei
9033,HH2507,15.0,286.0,1914.0,0.0,Sub-District - Lunglei,Total,,,320.0,24.0,7.0,8.0,13.0,lunglei
9034,HH2507,15.0,286.0,1914.0,0.0,Sub-District - Lunglei,Rural,,,225.0,23.0,4.0,1.0,2.0,lunglei
9035,HH2507,15.0,286.0,1914.0,0.0,Sub-District - Lunglei,Urban,,,95.0,1.0,3.0,7.0,11.0,lunglei
9041,HH2507,15.0,287.0,0.0,0.0,District - Lawngtlai,Total,,,,,239.0,246.0,80.0,lawngtlai
9042,HH2507,15.0,287.0,0.0,0.0,District - Lawngtlai,Rural,,,,,233.0,231.0,78.0,lawngtlai
9043,HH2507,15.0,287.0,0.0,0.0,District - Lawngtlai,Urban,,,53.0,7.0,6.0,15.0,2.0,lawngtlai
9047,HH2507,15.0,287.0,1917.0,0.0,Sub-District - Lawngtlai,Total,,,,149.0,75.0,119.0,5.0,lawngtlai
9048,HH2507,15.0,287.0,1917.0,0.0,Sub-District - Lawngtlai,Rural,,,,142.0,69.0,104.0,3.0,lawngtlai
9049,HH2507,15.0,287.0,1917.0,0.0,Sub-District - Lawngtlai,Urban,,,53.0,7.0,6.0,15.0,2.0,lawngtlai
9195,HH2507,16.0,291.0,0.0,0.0,District - Dhalai,Total,,,,,129.0,21.0,352.0,dhalai
9196,HH2507,16.0,291.0,0.0,0.0,District - Dhalai,Rural,,,,,115.0,20.0,315.0,dhalai
9197,HH2507,16.0,291.0,0.0,0.0,District - Dhalai,Urban,,,829.0,27.0,14.0,1.0,37.0,dhalai
9220,HH2507,16.0,292.0,0.0,0.0,District - North Tripura,Total,,,,,352.0,34.0,347.0,northtripura
9221,HH2507,16.0,292.0,0.0,0.0,District - North Tripura,Rural,,,,,330.0,31.0,319.0,northtripura
9222,HH2507,16.0,292.0,0.0,0.0,District - North Tripura,Urban,,,,124.0,22.0,3.0,28.0,northtripura
9348,HH2507,17.0,297.0,0.0,0.0,District - Ribhoi,Total,,,,501.0,136.0,57.0,599.0,ribhoi
9349,HH2507,17.0,297.0,0.0,0.0,District - Ribhoi,Rural,,,,488.0,133.0,45.0,594.0,ribhoi
9350,HH2507,17.0,297.0,0.0,0.0,District - Ribhoi,Urban,,,552.0,13.0,3.0,12.0,5.0,ribhoi
9425,HH2507,18.0,300.0,0.0,0.0,District - Kokrajhar,Total,,,,900.0,563.0,60.0,437.0,kokrajhar
9426,HH2507,18.0,300.0,0.0,0.0,District - Kokrajhar,Rural,,,,894.0,559.0,52.0,383.0,kokrajhar
9427,HH2507,18.0,300.0,0.0,0.0,District - Kokrajhar,Urban,,,,6.0,4.0,8.0,54.0,kokrajhar
9498,HH2507,18.0,302.0,0.0,0.0,District - Goalpara,Total,,,,,222.0,125.0,397.0,goalpara
9499,HH2507,18.0,302.0,0.0,0.0,District - Goalpara,Rural,,,,,204.0,105.0,295.0,goalpara
9500,HH2507,18.0,302.0,0.0,0.0,District - Goalpara,Urban,,,,130.0,18.0,20.0,102.0,goalpara
9527,HH2507,18.0,303.0,0.0,0.0,District - Barpeta,Total,,,,,289.0,348.0,405.0,barpeta
9528,HH2507,18.0,303.0,0.0,0.0,District - Barpeta,Rural,,,,,276.0,214.0,339.0,barpeta
9529,HH2507,18.0,303.0,0.0,0.0,District - Barpeta,Urban,,,,36.0,13.0,134.0,66.0,barpeta
9547,HH2507,18.0,303.0,2022.0,0.0,Sub-District - Barpeta,Total,,,,121.0,23.0,183.0,83.0,barpeta
9548,HH2507,18.0,303.0,2022.0,0.0,Sub-District - Barpeta,Rural,,,,116.0,19.0,64.0,59.0,barpeta
9549,HH2507,18.0,303.0,2022.0,0.0,Sub-District - Barpeta,Urban,,,,5.0,4.0,119.0,24.0,barpeta
9583,HH2507,18.0,304.0,2029.0,0.0,Sub-District - Marigaon,Total,,,,150.0,89.0,69.0,51.0,marigaon
9584,HH2507,18.0,304.0,2029.0,0.0,Sub-District - Marigaon,Rural,,,,142.0,70.0,55.0,43.0,marigaon
9585,HH2507,18.0,304.0,2029.0,0.0,Sub-District - Marigaon,Urban,,,,8.0,19.0,14.0,8.0,marigaon
9590,HH2507,18.0,305.0,0.0,0.0,District - Nagaon,Total,,,,,558.0,405.0,891.0,nagaon
9591,HH2507,18.0,305.0,0.0,0.0,District - Nagaon,Rural,,,,,414.0,301.0,726.0,nagaon
9592,HH2507,18.0,305.0,0.0,0.0,District - Nagaon,Urban,,,,393.0,144.0,104.0,165.0,nagaon
9607,HH2507,18.0,305.0,2035.0,0.0,Sub-District - Nagaon,Total,,,,82.0,64.0,87.0,117.0,nagaon
9608,HH2507,18.0,305.0,2035.0,0.0,Sub-District - Nagaon,Rural,,,,58.0,46.0,44.0,62.0,nagaon
9609,HH2507,18.0,305.0,2035.0,0.0,Sub-District - Nagaon,Urban,,,,24.0,18.0,43.0,55.0,nagaon
9640,HH2507,18.0,306.0,0.0,0.0,District - Sonitpur,Total,,,,,548.0,173.0,868.0,sonitpur
9641,HH2507,18.0,306.0,0.0,0.0,District - Sonitpur,Rural,,,,,508.0,155.0,764.0,sonitpur
9642,HH2507,18.0,306.0,0.0,0.0,District - Sonitpur,Urban,,,,60.0,40.0,18.0,104.0,sonitpur
9674,HH2507,18.0,307.0,0.0,0.0,District - Lakhimpur,Total,,,,,213.0,78.0,173.0,lakhimpur
9675,HH2507,18.0,307.0,0.0,0.0,District - Lakhimpur,Rural,,,,,180.0,66.0,155.0,lakhimpur
9676,HH2507,18.0,307.0,0.0,0.0,District - Lakhimpur,Urban,,,,15.0,33.0,12.0,18.0,lakhimpur
9677,HH2507,18.0,307.0,2048.0,0.0,Sub-District - Narayanpur,Total,,,,276.0,27.0,9.0,13.0,narayanpur
9678,HH2507,18.0,307.0,2048.0,0.0,Sub-District - Narayanpur,Rural,,,,275.0,20.0,8.0,12.0,narayanpur
9679,HH2507,18.0,307.0,2048.0,0.0,Sub-District - Narayanpur,Urban,,987.0,391.0,1.0,7.0,1.0,1.0,narayanpur
9680,HH2507,18.0,307.0,2048.0,801575.0,Narayanpur (TC),Urban,,987.0,391.0,1.0,7.0,1.0,1.0,narayanpur
9702,HH2507,18.0,308.0,0.0,0.0,District - Dhemaji,Total,,,,,80.0,52.0,294.0,dhemaji
9703,HH2507,18.0,308.0,0.0,0.0,District - Dhemaji,Rural,,,,,71.0,51.0,258.0,dhemaji
9704,HH2507,18.0,308.0,0.0,0.0,District - Dhemaji,Urban,,,,20.0,9.0,1.0,36.0,dhemaji
9705,HH2507,18.0,308.0,2055.0,0.0,Sub-District - Dhemaji,Total,,,,286.0,21.0,11.0,44.0,dhemaji
9706,HH2507,18.0,308.0,2055.0,0.0,Sub-District - Dhemaji,Rural,,,,281.0,18.0,11.0,41.0,dhemaji
9707,HH2507,18.0,308.0,2055.0,0.0,Sub-District - Dhemaji,Urban,,,221.0,5.0,3.0,,3.0,dhemaji
9727,HH2507,18.0,309.0,0.0,0.0,District - Tinsukia,Total,,,,519.0,439.0,239.0,560.0,tinsukia
9728,HH2507,18.0,309.0,0.0,0.0,District - Tinsukia,Rural,,,,453.0,396.0,177.0,446.0,tinsukia
9729,HH2507,18.0,309.0,0.0,0.0,District - Tinsukia,Urban,,,,66.0,43.0,62.0,114.0,tinsukia
9739,HH2507,18.0,309.0,2061.0,0.0,Sub-District - Tinsukia,Total,,,,123.0,174.0,120.0,233.0,tinsukia
9740,HH2507,18.0,309.0,2061.0,0.0,Sub-District - Tinsukia,Rural,,,,96.0,154.0,77.0,175.0,tinsukia
9741,HH2507,18.0,309.0,2061.0,0.0,Sub-District - Tinsukia,Urban,,,,27.0,20.0,43.0,58.0,tinsukia
9796,HH2507,18.0,311.0,2071.0,0.0,Sub-District - Sibsagar,Total,,,,37.0,41.0,23.0,29.0,sibsagar
9797,HH2507,18.0,311.0,2071.0,0.0,Sub-District - Sibsagar,Rural,,,,32.0,38.0,19.0,28.0,sibsagar
9798,HH2507,18.0,311.0,2071.0,0.0,Sub-District - Sibsagar,Urban,,,641.0,5.0,3.0,4.0,1.0,sibsagar
9852,HH2507,18.0,313.0,0.0,0.0,District - Golaghat,Total,,,,,145.0,119.0,353.0,golaghat
9853,HH2507,18.0,313.0,0.0,0.0,District - Golaghat,Rural,,,,,125.0,108.0,337.0,golaghat
9854,HH2507,18.0,313.0,0.0,0.0,District - Golaghat,Urban,,,,13.0,20.0,11.0,16.0,golaghat
9868,HH2507,18.0,313.0,2085.0,0.0,Sub-District - Golaghat,Total,,,,475.0,31.0,31.0,119.0,golaghat
9869,HH2507,18.0,313.0,2085.0,0.0,Sub-District - Golaghat,Rural,,,,465.0,26.0,27.0,115.0,golaghat
9870,HH2507,18.0,313.0,2085.0,0.0,Sub-District - Golaghat,Urban,,,729.0,10.0,5.0,4.0,4.0,golaghat
9880,HH2507,18.0,314.0,0.0,0.0,District - Karbi Anglong,Total,,,,,734.0,602.0,392.0,karbianglong
9881,HH2507,18.0,314.0,0.0,0.0,District - Karbi Anglong,Rural,,,,,701.0,594.0,346.0,karbianglong
9882,HH2507,18.0,314.0,0.0,0.0,District - Karbi Anglong,Urban,,,,83.0,33.0,8.0,46.0,karbianglong
9921,HH2507,18.0,316.0,0.0,0.0,District - Cachar,Total,,,,,952.0,257.0,,cachar
9922,HH2507,18.0,316.0,0.0,0.0,District - Cachar,Rural,,,,,836.0,157.0,641.0,cachar
9923,HH2507,18.0,316.0,0.0,0.0,District - Cachar,Urban,,,,580.0,116.0,100.0,418.0,cachar
9958,HH2507,18.0,317.0,0.0,0.0,District - Karimganj,Total,,,,,847.0,104.0,483.0,karimganj
9959,HH2507,18.0,317.0,0.0,0.0,District - Karimganj,Rural,,,,,821.0,95.0,440.0,karimganj
9960,HH2507,18.0,317.0,0.0,0.0,District - Karimganj,Urban,,,,390.0,26.0,9.0,43.0,karimganj
9961,HH2507,18.0,317.0,2101.0,0.0,Sub-District - Karimganj,Total,,,,636.0,268.0,28.0,139.0,karimganj
9962,HH2507,18.0,317.0,2101.0,0.0,Sub-District - Karimganj,Rural,,,,372.0,259.0,22.0,122.0,karimganj
9963,HH2507,18.0,317.0,2101.0,0.0,Sub-District - Karimganj,Urban,,,,264.0,9.0,6.0,17.0,karimganj
10001,HH2507,18.0,319.0,0.0,0.0,District - Bongaigaon,Total,,,,324.0,42.0,74.0,212.0,bongaigaon
10002,HH2507,18.0,319.0,0.0,0.0,District - Bongaigaon,Rural,,,,286.0,29.0,56.0,144.0,bongaigaon
10003,HH2507,18.0,319.0,0.0,0.0,District - Bongaigaon,Urban,,,,38.0,13.0,18.0,68.0,bongaigaon
10004,HH2507,18.0,319.0,2110.0,0.0,Sub-District - Bongaigaon (Pt),Total,,,,50.0,23.0,19.0,81.0,bongaigaon
10005,HH2507,18.0,319.0,2110.0,0.0,Sub-District - Bongaigaon (Pt),Rural,,,,20.0,11.0,2.0,15.0,bongaigaon
10006,HH2507,18.0,319.0,2110.0,0.0,Sub-District - Bongaigaon (Pt),Urban,,,,30.0,12.0,17.0,66.0,bongaigaon
10007,HH2507,18.0,319.0,2110.0,801620.0,Bongaigaon (MB),Urban,,,,23.0,11.0,16.0,60.0,bongaigaon
10024,HH2507,18.0,320.0,0.0,0.0,District - Chirang,Total,,,,,215.0,47.0,998.0,chirang
10025,HH2507,18.0,320.0,0.0,0.0,District - Chirang,Rural,,,,,199.0,43.0,961.0,chirang
10026,HH2507,18.0,320.0,0.0,0.0,District - Chirang,Urban,,,,46.0,16.0,4.0,37.0,chirang
10038,HH2507,18.0,320.0,2110.0,0.0,Sub-District - Bongaigaon (Pt),Total,,,701.0,1.0,1.0,,1.0,bongaigaon
10039,HH2507,18.0,320.0,2110.0,0.0,Sub-District - Bongaigaon (Pt),Rural,,,701.0,1.0,1.0,,1.0,bongaigaon
10040,HH2507,18.0,320.0,2110.0,0.0,Sub-District - Bongaigaon (Pt),Urban,,,,,,,,bongaigaon
10134,HH2507,18.0,322.0,2131.0,0.0,Sub-District - Chandrapur,Total,,,,39.0,14.0,41.0,8.0,chandrapur
10135,HH2507,18.0,322.0,2131.0,0.0,Sub-District - Chandrapur,Rural,,,,35.0,12.0,41.0,7.0,chandrapur
10136,HH2507,18.0,322.0,2131.0,0.0,Sub-District - Chandrapur,Urban,,664.0,454.0,4.0,2.0,,1.0,chandrapur
10138,HH2507,18.0,323.0,0.0,0.0,District - Nalbari,Total,,,,533.0,166.0,76.0,189.0,nalbari
10139,HH2507,18.0,323.0,0.0,0.0,District - Nalbari,Rural,,,,516.0,123.0,65.0,156.0,nalbari
10140,HH2507,18.0,323.0,0.0,0.0,District - Nalbari,Urban,,,,17.0,43.0,11.0,33.0,nalbari
10163,HH2507,18.0,323.0,2136.0,0.0,Sub-District - Nalbari,Total,,,,35.0,47.0,11.0,54.0,nalbari
10164,HH2507,18.0,323.0,2136.0,0.0,Sub-District - Nalbari,Rural,,,,31.0,38.0,7.0,33.0,nalbari
10165,HH2507,18.0,323.0,2136.0,0.0,Sub-District - Nalbari,Urban,,,,4.0,9.0,4.0,21.0,nalbari
10179,HH2507,18.0,324.0,0.0,0.0,District - Baksa,Total,,,,,436.0,96.0,586.0,baksa
10180,HH2507,18.0,324.0,0.0,0.0,District - Baksa,Rural,,,,,436.0,96.0,585.0,baksa
10181,HH2507,18.0,324.0,0.0,0.0,District - Baksa,Urban,,,834.0,1.0,,,1.0,baksa
10223,HH2507,18.0,325.0,0.0,0.0,District - Darrang,Total,,,,,83.0,88.0,136.0,darrang
10224,HH2507,18.0,325.0,0.0,0.0,District - Darrang,Rural,,,,,48.0,75.0,114.0,darrang
10225,HH2507,18.0,325.0,0.0,0.0,District - Darrang,Urban,,,,24.0,35.0,13.0,22.0,darrang
10247,HH2507,18.0,326.0,0.0,0.0,District - Udalguri,Total,,,,769.0,102.0,82.0,439.0,udalguri
10248,HH2507,18.0,326.0,0.0,0.0,District - Udalguri,Rural,,,,747.0,96.0,78.0,333.0,udalguri
10249,HH2507,18.0,326.0,0.0,0.0,District - Udalguri,Urban,,,,22.0,6.0,4.0,106.0,udalguri
10270,HH2507,18.0,326.0,2152.0,0.0,Sub-District - Udalguri,Total,,,,260.0,25.0,18.0,172.0,udalguri
10271,HH2507,18.0,326.0,2152.0,0.0,Sub-District - Udalguri,Rural,,,,257.0,24.0,18.0,83.0,udalguri
10272,HH2507,18.0,326.0,2152.0,0.0,Sub-District - Udalguri,Urban,,,315.0,3.0,1.0,,89.0,udalguri
10699,HH2507,19.0,333.0,2226.0,313981.0,Aurangabad (CT),Urban,,,,48.0,80.0,90.0,95.0,aurangabad
11205,HH2507,19.0,336.0,2315.0,322412.0,Subarnapur (CT),Urban,,,237.0,1.0,7.0,1.0,3.0,subarnapur
11299,HH2507,19.0,337.0,2325.0,323219.0,Chandrapur (CT),Urban,,,67.0,1.0,,1.0,,chandrapur
11607,HH2507,19.0,339.0,2376.0,0.0,Sub-District - Raipur,Total,,,,205.0,167.0,33.0,138.0,raipur
11608,HH2507,19.0,339.0,2376.0,0.0,Sub-District - Raipur,Rural,,,,205.0,166.0,33.0,138.0,raipur
11609,HH2507,19.0,339.0,2376.0,0.0,Sub-District - Raipur,Urban,,,302.0,,1.0,,,raipur
11623,HH2507,19.0,340.0,2378.0,0.0,Sub-District - Jaipur,Total,,,,165.0,94.0,14.0,78.0,jaipur
11624,HH2507,19.0,340.0,2378.0,0.0,Sub-District - Jaipur,Rural,,,,155.0,94.0,14.0,66.0,jaipur
11625,HH2507,19.0,340.0,2378.0,0.0,Sub-District - Jaipur,Urban,,,715.0,10.0,,,12.0,jaipur
11733,HH2507,19.0,341.0,2400.0,332697.0,Chandrapur (CT),Urban,,938.0,330.0,,,1.0,1.0,chandrapur
11867,HH2507,19.0,341.0,2408.0,333066.0,Chandrapur (CT),Urban,997.0,749.0,242.0,2.0,4.0,,,chandrapur
12387,HH2507,20.0,346.0,2509.0,0.0,Sub-District - Garhwa,Total,,,,50.0,24.0,35.0,12.0,garhwa
12388,HH2507,20.0,346.0,2509.0,0.0,Sub-District - Garhwa,Rural,,,,41.0,16.0,31.0,10.0,garhwa
12389,HH2507,20.0,346.0,2509.0,0.0,Sub-District - Garhwa,Urban,,,,9.0,8.0,4.0,2.0,garhwa
12403,HH2507,20.0,347.0,0.0,0.0,District - Chatra,Total,,,,,505.0,99.0,52.0,chatra
12404,HH2507,20.0,347.0,0.0,0.0,District - Chatra,Rural,,,,,492.0,97.0,50.0,chatra
12405,HH2507,20.0,347.0,0.0,0.0,District - Chatra,Urban,,,,17.0,13.0,2.0,2.0,chatra
12418,HH2507,20.0,347.0,2518.0,0.0,Sub-District - Chatra,Total,,,,95.0,61.0,2.0,4.0,chatra
12419,HH2507,20.0,347.0,2518.0,0.0,Sub-District - Chatra,Rural,,,,78.0,48.0,,2.0,chatra
12420,HH2507,20.0,347.0,2518.0,0.0,Sub-District - Chatra,Urban,,,,17.0,13.0,2.0,2.0,chatra
12444,HH2507,20.0,348.0,0.0,0.0,District - Kodarma,Total,,,,340.0,386.0,132.0,136.0,kodarma
12445,HH2507,20.0,348.0,0.0,0.0,District - Kodarma,Rural,,,,326.0,330.0,124.0,128.0,kodarma
12446,HH2507,20.0,348.0,0.0,0.0,District - Kodarma,Urban,,,,14.0,56.0,8.0,8.0,kodarma
12450,HH2507,20.0,348.0,2527.0,0.0,Sub-District - Kodarma,Total,,,,56.0,78.0,11.0,12.0,kodarma
12451,HH2507,20.0,348.0,2527.0,0.0,Sub-District - Kodarma,Rural,,,,43.0,28.0,4.0,4.0,kodarma
12452,HH2507,20.0,348.0,2527.0,0.0,Sub-District - Kodarma,Urban,,,,13.0,50.0,7.0,8.0,kodarma
12470,HH2507,20.0,349.0,0.0,0.0,District - Giridih,Total,,,,,,250.0,191.0,giridih
12471,HH2507,20.0,349.0,0.0,0.0,District - Giridih,Rural,,,,,959.0,215.0,104.0,giridih
12472,HH2507,20.0,349.0,0.0,0.0,District - Giridih,Urban,,,,63.0,92.0,35.0,87.0,giridih
12495,HH2507,20.0,349.0,2539.0,0.0,Sub-District - Giridih,Total,,,,163.0,132.0,34.0,94.0,giridih
12496,HH2507,20.0,349.0,2539.0,0.0,Sub-District - Giridih,Rural,,,,125.0,52.0,9.0,13.0,giridih
12497,HH2507,20.0,349.0,2539.0,0.0,Sub-District - Giridih,Urban,,,,38.0,80.0,25.0,81.0,giridih
12524,HH2507,20.0,350.0,0.0,0.0,District - Deoghar,Total,,,,789.0,339.0,212.0,67.0,deoghar
12525,HH2507,20.0,350.0,0.0,0.0,District - Deoghar,Rural,,,,717.0,234.0,182.0,48.0,deoghar
12526,HH2507,20.0,350.0,0.0,0.0,District - Deoghar,Urban,,,,72.0,105.0,30.0,19.0,deoghar
12527,HH2507,20.0,350.0,2545.0,0.0,Sub-District - Deoghar,Total,,,,115.0,115.0,35.0,17.0,deoghar
12528,HH2507,20.0,350.0,2545.0,0.0,Sub-District - Deoghar,Rural,,,,72.0,49.0,9.0,1.0,deoghar
12529,HH2507,20.0,350.0,2545.0,0.0,Sub-District - Deoghar,Urban,,,,43.0,66.0,26.0,16.0,deoghar
12559,HH2507,20.0,351.0,0.0,0.0,District - Godda,Total,,,,,726.0,428.0,55.0,godda
12560,HH2507,20.0,351.0,0.0,0.0,District - Godda,Rural,,,,,685.0,424.0,52.0,godda
12561,HH2507,20.0,351.0,0.0,0.0,District - Godda,Urban,,,,27.0,41.0,4.0,3.0,godda
12581,HH2507,20.0,351.0,2561.0,0.0,Sub-District - Godda,Total,,,,174.0,107.0,54.0,12.0,godda
12582,HH2507,20.0,351.0,2561.0,0.0,Sub-District - Godda,Rural,,,,148.0,69.0,50.0,10.0,godda
12583,HH2507,20.0,351.0,2561.0,0.0,Sub-District - Godda,Urban,,,,26.0,38.0,4.0,2.0,godda
12642,HH2507,20.0,353.0,2576.0,0.0,Sub-District - Pakaur,Total,,,,95.0,160.0,61.0,74.0,pakaur
12643,HH2507,20.0,353.0,2576.0,0.0,Sub-District - Pakaur,Rural,,,,89.0,149.0,59.0,11.0,pakaur
12644,HH2507,20.0,353.0,2576.0,0.0,Sub-District - Pakaur,Urban,,,,6.0,11.0,2.0,63.0,pakaur
12655,HH2507,20.0,354.0,0.0,0.0,District - Dhanbad,Total,,,,,753.0,504.0,523.0,dhanbad
12656,HH2507,20.0,354.0,0.0,0.0,District - Dhanbad,Rural,,,,627.0,428.0,113.0,167.0,dhanbad
12657,HH2507,20.0,354.0,0.0,0.0,District - Dhanbad,Urban,,,,,325.0,391.0,356.0,dhanbad
12728,HH2507,20.0,355.0,0.0,0.0,District - Bokaro,Total,,,,,,447.0,146.0,bokaro
12729,HH2507,20.0,355.0,0.0,0.0,District - Bokaro,Rural,,,,,970.0,96.0,41.0,bokaro
12730,HH2507,20.0,355.0,0.0,0.0,District - Bokaro,Urban,,,,466.0,342.0,351.0,105.0,bokaro
12735,HH2507,20.0,355.0,2589.0,0.0,Sub-District - Chandrapura,Total,,,,29.0,21.0,22.0,5.0,chandrapur
12736,HH2507,20.0,355.0,2589.0,0.0,Sub-District - Chandrapura,Rural,,,,4.0,2.0,4.0,1.0,chandrapur
12737,HH2507,20.0,355.0,2589.0,0.0,Sub-District - Chandrapura,Urban,,,,25.0,19.0,18.0,4.0,chandrapur
12785,HH2507,20.0,356.0,0.0,0.0,District - Lohardaga,Total,,,,239.0,353.0,50.0,16.0,lohardaga
12786,HH2507,20.0,356.0,0.0,0.0,District - Lohardaga,Rural,,,,234.0,336.0,44.0,13.0,lohardaga
12787,HH2507,20.0,356.0,0.0,0.0,District - Lohardaga,Urban,,,,5.0,17.0,6.0,3.0,lohardaga
12800,HH2507,20.0,356.0,2601.0,0.0,Sub-District - Lohardaga,Total,,,,33.0,130.0,9.0,5.0,lohardaga
12801,HH2507,20.0,356.0,2601.0,0.0,Sub-District - Lohardaga,Rural,,,,28.0,113.0,3.0,2.0,lohardaga
12802,HH2507,20.0,356.0,2601.0,0.0,Sub-District - Lohardaga,Urban,,,,5.0,17.0,6.0,3.0,lohardaga
12810,HH2507,20.0,357.0,0.0,0.0,District - Purbi Singhbhum,Total,,,,729.0,437.0,193.0,563.0,purbisinghbhum
12811,HH2507,20.0,357.0,0.0,0.0,District - Purbi Singhbhum,Rural,,,,361.0,125.0,49.0,142.0,purbisinghbhum
12812,HH2507,20.0,357.0,0.0,0.0,District - Purbi Singhbhum,Urban,,,,368.0,312.0,144.0,421.0,purbisinghbhum
12861,HH2507,20.0,358.0,0.0,0.0,District - Palamu,Total,,,,,990.0,362.0,407.0,palamu
12862,HH2507,20.0,358.0,0.0,0.0,District - Palamu,Rural,,,,,944.0,260.0,230.0,palamu
12863,HH2507,20.0,358.0,0.0,0.0,District - Palamu,Urban,,,,66.0,46.0,102.0,177.0,palamu
12900,HH2507,20.0,358.0,2626.0,0.0,Sub-District - Patan,Total,,,,351.0,30.0,15.0,18.0,patan
12901,HH2507,20.0,358.0,2626.0,0.0,Sub-District - Patan,Rural,,,,351.0,30.0,15.0,18.0,patan
12902,HH2507,20.0,358.0,2626.0,0.0,Sub-District - Patan,Urban,,,,,,,,patan
12933,HH2507,20.0,359.0,0.0,0.0,District - Latehar,Total,,,,,469.0,239.0,191.0,latehar
12934,HH2507,20.0,359.0,0.0,0.0,District - Latehar,Rural,,,,,455.0,193.0,114.0,latehar
12935,HH2507,20.0,359.0,0.0,0.0,District - Latehar,Urban,,,,18.0,14.0,46.0,77.0,latehar
12949,HH2507,20.0,359.0,2639.0,0.0,Sub-District - Latehar,Total,,,,36.0,277.0,54.0,80.0,latehar
12950,HH2507,20.0,359.0,2639.0,0.0,Sub-District - Latehar,Rural,,,,24.0,267.0,9.0,3.0,latehar
12951,HH2507,20.0,359.0,2639.0,0.0,Sub-District - Latehar,Urban,,,,12.0,10.0,45.0,77.0,latehar
12967,HH2507,20.0,360.0,0.0,0.0,District - Hazaribagh,Total,,,,,733.0,271.0,161.0,hazaribagh
12968,HH2507,20.0,360.0,0.0,0.0,District - Hazaribagh,Rural,,,,907.0,648.0,254.0,104.0,hazaribagh
12969,HH2507,20.0,360.0,0.0,0.0,District - Hazaribagh,Urban,,,,104.0,85.0,17.0,57.0,hazaribagh
13035,HH2507,20.0,361.0,0.0,0.0,District - Ramgarh,Total,,,,334.0,288.0,132.0,67.0,ramgarh
13036,HH2507,20.0,361.0,0.0,0.0,District - Ramgarh,Rural,,,,241.0,183.0,46.0,27.0,ramgarh
13037,HH2507,20.0,361.0,0.0,0.0,District - Ramgarh,Urban,,,,93.0,105.0,86.0,40.0,ramgarh
13062,HH2507,20.0,361.0,2662.0,0.0,Sub-District - Ramgarh,Total,,,,35.0,66.0,9.0,10.0,ramgarh
13063,HH2507,20.0,361.0,2662.0,0.0,Sub-District - Ramgarh,Rural,,,,21.0,12.0,,1.0,ramgarh
13064,HH2507,20.0,361.0,2662.0,0.0,Sub-District - Ramgarh,Urban,,,,14.0,54.0,9.0,9.0,ramgarh
13079,HH2507,20.0,362.0,0.0,0.0,District - Dumka,Total,,,,,690.0,324.0,160.0,dumka
13080,HH2507,20.0,362.0,0.0,0.0,District - Dumka,Rural,,,,,664.0,321.0,149.0,dumka
13081,HH2507,20.0,362.0,0.0,0.0,District - Dumka,Urban,,,,33.0,26.0,3.0,11.0,dumka
13089,HH2507,20.0,362.0,2668.0,0.0,Sub-District - Ramgarh,Total,,,,159.0,100.0,34.0,35.0,ramgarh
13090,HH2507,20.0,362.0,2668.0,0.0,Sub-District - Ramgarh,Rural,,,,159.0,100.0,34.0,35.0,ramgarh
13091,HH2507,20.0,362.0,2668.0,0.0,Sub-District - Ramgarh,Urban,,,,,,,,ramgarh
13104,HH2507,20.0,362.0,2673.0,0.0,Sub-District - Dumka,Total,,,,96.0,58.0,24.0,66.0,dumka
13105,HH2507,20.0,362.0,2673.0,0.0,Sub-District - Dumka,Rural,,,,77.0,47.0,23.0,55.0,dumka
13106,HH2507,20.0,362.0,2673.0,0.0,Sub-District - Dumka,Urban,,,,19.0,11.0,1.0,11.0,dumka
13117,HH2507,20.0,363.0,0.0,0.0,District - Jamtara,Total,,,,316.0,148.0,202.0,57.0,jamtara
13118,HH2507,20.0,363.0,0.0,0.0,District - Jamtara,Rural,,,,301.0,122.0,199.0,40.0,jamtara
13119,HH2507,20.0,363.0,0.0,0.0,District - Jamtara,Urban,,,,15.0,26.0,3.0,17.0,jamtara
13120,HH2507,20.0,363.0,2676.0,0.0,Sub-District - Narayanpur,Total,,,,39.0,10.0,146.0,2.0,narayanpur
13121,HH2507,20.0,363.0,2676.0,0.0,Sub-District - Narayanpur,Rural,,,,39.0,10.0,146.0,2.0,narayanpur
13122,HH2507,20.0,363.0,2676.0,0.0,Sub-District - Narayanpur,Urban,,,,,,,,narayanpur
13127,HH2507,20.0,363.0,2678.0,0.0,Sub-District - Jamtara,Total,,,,38.0,42.0,6.0,20.0,jamtara
13128,HH2507,20.0,363.0,2678.0,0.0,Sub-District - Jamtara,Rural,,,,23.0,16.0,3.0,9.0,jamtara
13129,HH2507,20.0,363.0,2678.0,0.0,Sub-District - Jamtara,Urban,,,,15.0,26.0,3.0,11.0,jamtara
13213,HH2507,20.0,365.0,0.0,0.0,District - Khunti,Total,,,,,310.0,51.0,20.0,khunti
13214,HH2507,20.0,365.0,0.0,0.0,District - Khunti,Rural,,,,,294.0,46.0,13.0,khunti
13215,HH2507,20.0,365.0,0.0,0.0,District - Khunti,Urban,,,,25.0,16.0,5.0,7.0,khunti
13229,HH2507,20.0,365.0,2704.0,0.0,Sub-District - Khunti,Total,,,,,60.0,6.0,6.0,khunti
13230,HH2507,20.0,365.0,2704.0,0.0,Sub-District - Khunti,Rural,,,,,46.0,3.0,1.0,khunti
13231,HH2507,20.0,365.0,2704.0,0.0,Sub-District - Khunti,Urban,,,,11.0,14.0,3.0,5.0,khunti
13236,HH2507,20.0,366.0,0.0,0.0,District - Gumla,Total,,,,,759.0,37.0,65.0,gumla
13237,HH2507,20.0,366.0,0.0,0.0,District - Gumla,Rural,,,,934.0,753.0,33.0,61.0,gumla
13238,HH2507,20.0,366.0,0.0,0.0,District - Gumla,Urban,,,,72.0,6.0,4.0,4.0,gumla
13258,HH2507,20.0,366.0,2712.0,0.0,Sub-District - Gumla,Total,,,,156.0,128.0,20.0,9.0,gumla
13259,HH2507,20.0,366.0,2712.0,0.0,Sub-District - Gumla,Rural,,,,85.0,124.0,16.0,5.0,gumla
13260,HH2507,20.0,366.0,2712.0,0.0,Sub-District - Gumla,Urban,,,,71.0,4.0,4.0,4.0,gumla
13312,HH2507,20.0,368.0,0.0,0.0,District - Pashchimi Singhbhum,Total,,,,,416.0,237.0,157.0,pashchimisinghbhum
13313,HH2507,20.0,368.0,0.0,0.0,District - Pashchimi Singhbhum,Rural,,,,,352.0,134.0,113.0,pashchimisinghbhum
13314,HH2507,20.0,368.0,0.0,0.0,District - Pashchimi Singhbhum,Urban,,,,76.0,64.0,103.0,44.0,pashchimisinghbhum
13421,HH2507,21.0,370.0,0.0,0.0,District - Bargarh,Total,,,,872.0,232.0,304.0,,bargarh
13422,HH2507,21.0,370.0,0.0,0.0,District - Bargarh,Rural,,,,826.0,223.0,286.0,,bargarh
13423,HH2507,21.0,370.0,0.0,0.0,District - Bargarh,Urban,,,,46.0,9.0,18.0,309.0,bargarh
13458,HH2507,21.0,370.0,2765.0,0.0,Sub-District - Bargarh,Total,,,,50.0,52.0,17.0,418.0,bargarh
13459,HH2507,21.0,370.0,2765.0,0.0,Sub-District - Bargarh,Rural,,,,16.0,46.0,6.0,248.0,bargarh
13460,HH2507,21.0,370.0,2765.0,0.0,Sub-District - Bargarh,Urban,,,,34.0,6.0,11.0,170.0,bargarh
13477,HH2507,21.0,371.0,0.0,0.0,District - Jharsuguda,Total,,,,246.0,171.0,169.0,,jharsuguda
13478,HH2507,21.0,371.0,0.0,0.0,District - Jharsuguda,Rural,,,,200.0,122.0,47.0,,jharsuguda
13479,HH2507,21.0,371.0,0.0,0.0,District - Jharsuguda,Urban,,,,46.0,49.0,122.0,642.0,jharsuguda
13502,HH2507,21.0,371.0,2776.0,0.0,Sub-District - Jharsuguda,Total,,,,28.0,17.0,18.0,304.0,jharsuguda
13503,HH2507,21.0,371.0,2776.0,0.0,Sub-District - Jharsuguda,Rural,,,,9.0,6.0,9.0,52.0,jharsuguda
13504,HH2507,21.0,371.0,2776.0,0.0,Sub-District - Jharsuguda,Urban,,,,19.0,11.0,9.0,252.0,jharsuguda
13505,HH2507,21.0,371.0,2776.0,801808.0,Jharsuguda (M),Urban,,,,19.0,11.0,9.0,252.0,jharsuguda
13515,HH2507,21.0,372.0,0.0,0.0,District - Sambalpur,Total,,,,441.0,131.0,133.0,,sambalpur
13516,HH2507,21.0,372.0,0.0,0.0,District - Sambalpur,Rural,,,,366.0,113.0,96.0,,sambalpur
13517,HH2507,21.0,372.0,0.0,0.0,District - Sambalpur,Urban,,,,75.0,18.0,37.0,708.0,sambalpur
13584,HH2507,21.0,373.0,0.0,0.0,District - Debagarh,Total,,,,247.0,268.0,90.0,946.0,debagarh
13585,HH2507,21.0,373.0,0.0,0.0,District - Debagarh,Rural,,,,240.0,259.0,89.0,881.0,debagarh
13586,HH2507,21.0,373.0,0.0,0.0,District - Debagarh,Urban,,,,7.0,9.0,1.0,65.0,debagarh
13587,HH2507,21.0,373.0,2800.0,0.0,Sub-District - Debagarh,Total,,,,123.0,94.0,50.0,207.0,debagarh
13588,HH2507,21.0,373.0,2800.0,0.0,Sub-District - Debagarh,Rural,,,,116.0,85.0,49.0,142.0,debagarh
13589,HH2507,21.0,373.0,2800.0,0.0,Sub-District - Debagarh,Urban,,,,7.0,9.0,1.0,65.0,debagarh
13600,HH2507,21.0,374.0,0.0,0.0,District - Sundargarh,Total,,,,,519.0,634.0,,sundargarh
13601,HH2507,21.0,374.0,0.0,0.0,District - Sundargarh,Rural,,,,,368.0,359.0,,sundargarh
13602,HH2507,21.0,374.0,0.0,0.0,District - Sundargarh,Urban,,,,245.0,151.0,275.0,,sundargarh
13618,HH2507,21.0,374.0,2808.0,801815.0,Sundargarh (M),Urban,,,,14.0,7.0,9.0,79.0,sundargarh
13619,HH2507,21.0,374.0,2809.0,0.0,Sub-District - Sundargarh ,Total,,,,58.0,92.0,51.0,200.0,sundargarh
13620,HH2507,21.0,374.0,2809.0,0.0,Sub-District - Sundargarh ,Rural,,,,58.0,92.0,51.0,200.0,sundargarh
13621,HH2507,21.0,374.0,2809.0,0.0,Sub-District - Sundargarh ,Urban,,,,,,,,sundargarh
13707,HH2507,21.0,375.0,0.0,0.0,District - Kendujhar,Total,,,,,753.0,629.0,,kendujhar
13708,HH2507,21.0,375.0,0.0,0.0,District - Kendujhar,Rural,,,,,625.0,509.0,,kendujhar
13709,HH2507,21.0,375.0,0.0,0.0,District - Kendujhar,Urban,,,,85.0,128.0,120.0,751.0,kendujhar
13892,HH2507,21.0,377.0,0.0,0.0,District - Baleshwar,Total,,,,,896.0,872.0,,baleshwar
13893,HH2507,21.0,377.0,0.0,0.0,District - Baleshwar,Rural,,,,,820.0,821.0,,baleshwar
13894,HH2507,21.0,377.0,0.0,0.0,District - Baleshwar,Urban,,,,89.0,76.0,51.0,567.0,baleshwar
13963,HH2507,21.0,378.0,0.0,0.0,District - Bhadrak,Total,,,,927.0,198.0,301.0,,bhadrak
13964,HH2507,21.0,378.0,0.0,0.0,District - Bhadrak,Rural,,,,842.0,176.0,251.0,,bhadrak
13965,HH2507,21.0,378.0,0.0,0.0,District - Bhadrak,Urban,,,,85.0,22.0,50.0,652.0,bhadrak
14006,HH2507,21.0,379.0,0.0,0.0,District - Kendrapara ,Total,,,,,346.0,321.0,,kendrapara
14007,HH2507,21.0,379.0,0.0,0.0,District - Kendrapara ,Rural,,,,,337.0,315.0,,kendrapara
14008,HH2507,21.0,379.0,0.0,0.0,District - Kendrapara ,Urban,,,,20.0,9.0,6.0,81.0,kendrapara
14025,HH2507,21.0,379.0,2927.0,0.0,Sub-District - Kendrapara,Total,,,,10.0,4.0,3.0,57.0,kendrapara
14026,HH2507,21.0,379.0,2927.0,0.0,Sub-District - Kendrapara,Rural,,,,,,,,kendrapara
14027,HH2507,21.0,379.0,2927.0,0.0,Sub-District - Kendrapara,Urban,,,,10.0,4.0,3.0,57.0,kendrapara
14028,HH2507,21.0,379.0,2927.0,801838.0,Kendrapara (M),Urban,,,,10.0,4.0,3.0,57.0,kendrapara
14047,HH2507,21.0,380.0,0.0,0.0,District - Jagatsinghapur ,Total,,,,,314.0,553.0,,jagatsinghapur
14048,HH2507,21.0,380.0,0.0,0.0,District - Jagatsinghapur ,Rural,,,,,243.0,459.0,,jagatsinghapur
14049,HH2507,21.0,380.0,0.0,0.0,District - Jagatsinghapur ,Urban,,,,99.0,71.0,94.0,352.0,jagatsinghapur
14071,HH2507,21.0,380.0,2940.0,0.0,Sub-District - Jagatsinghapur,Total,,,,173.0,68.0,92.0,719.0,jagatsinghapur
14072,HH2507,21.0,380.0,2940.0,0.0,Sub-District - Jagatsinghapur,Rural,,,,149.0,32.0,87.0,700.0,jagatsinghapur
14073,HH2507,21.0,380.0,2940.0,0.0,Sub-District - Jagatsinghapur,Urban,,,,24.0,36.0,5.0,19.0,jagatsinghapur
14074,HH2507,21.0,380.0,2940.0,801840.0,Jagatsinghapur (M),Urban,,,,24.0,36.0,5.0,19.0,jagatsinghapur
14084,HH2507,21.0,381.0,0.0,0.0,District - Cuttack,Total,,,,,439.0,520.0,,cuttack
14085,HH2507,21.0,381.0,0.0,0.0,District - Cuttack,Rural,,,,922.0,378.0,307.0,,cuttack
14086,HH2507,21.0,381.0,0.0,0.0,District - Cuttack,Urban,,,,153.0,61.0,213.0,,cuttack
14237,HH2507,21.0,383.0,0.0,0.0,District - Dhenkanal,Total,,,,450.0,233.0,236.0,,dhenkanal
14238,HH2507,21.0,383.0,0.0,0.0,District - Dhenkanal,Rural,,,,434.0,194.0,217.0,,dhenkanal
14239,HH2507,21.0,383.0,0.0,0.0,District - Dhenkanal,Urban,,,,16.0,39.0,19.0,238.0,dhenkanal
14501,HH2507,21.0,387.0,0.0,0.0,District - Puri,Total,,,,863.0,225.0,325.0,,puri
14502,HH2507,21.0,387.0,0.0,0.0,District - Puri,Rural,,,,803.0,201.0,295.0,,puri
14503,HH2507,21.0,387.0,0.0,0.0,District - Puri,Urban,,,,60.0,24.0,30.0,472.0,puri
14555,HH2507,21.0,388.0,0.0,0.0,District - Ganjam,Total,,,,,763.0,947.0,,ganjam
14556,HH2507,21.0,388.0,0.0,0.0,District - Ganjam,Rural,,,,,652.0,724.0,,ganjam
14557,HH2507,21.0,388.0,0.0,0.0,District - Ganjam,Urban,,,,223.0,111.0,223.0,,ganjam
14622,HH2507,21.0,388.0,3086.0,0.0,Sub-District - Ganjam,Total,,,,16.0,11.0,27.0,272.0,ganjam
14623,HH2507,21.0,388.0,3086.0,0.0,Sub-District - Ganjam,Rural,,,,9.0,11.0,13.0,162.0,ganjam
14624,HH2507,21.0,388.0,3086.0,0.0,Sub-District - Ganjam,Urban,,,,7.0,,14.0,110.0,ganjam
14687,HH2507,21.0,389.0,0.0,0.0,District - Gajapati,Total,,,,485.0,254.0,114.0,,gajapati
14688,HH2507,21.0,389.0,0.0,0.0,District - Gajapati,Rural,,,,468.0,234.0,102.0,986.0,gajapati
14689,HH2507,21.0,389.0,0.0,0.0,District - Gajapati,Urban,,,,17.0,20.0,12.0,146.0,gajapati
14725,HH2507,21.0,390.0,0.0,0.0,District - Kandhamal,Total,,,,765.0,160.0,88.0,,kandhamal
14726,HH2507,21.0,390.0,0.0,0.0,District - Kandhamal,Rural,,,,743.0,86.0,70.0,,kandhamal
14727,HH2507,21.0,390.0,0.0,0.0,District - Kandhamal,Urban,,,,22.0,74.0,18.0,152.0,kandhamal
14783,HH2507,21.0,391.0,0.0,0.0,District - Baudh,Total,,,,283.0,183.0,77.0,780.0,baudh
14784,HH2507,21.0,391.0,0.0,0.0,District - Baudh,Rural,,,,273.0,182.0,72.0,707.0,baudh
14785,HH2507,21.0,391.0,0.0,0.0,District - Baudh,Urban,,,,10.0,1.0,5.0,73.0,baudh
14805,HH2507,21.0,392.0,0.0,0.0,District - Subarnapur,Total,,,,311.0,140.0,275.0,,subarnapur
14806,HH2507,21.0,392.0,0.0,0.0,District - Subarnapur,Rural,,,,297.0,133.0,269.0,,subarnapur
14807,HH2507,21.0,392.0,0.0,0.0,District - Subarnapur,Urban,,,,14.0,7.0,6.0,87.0,subarnapur
14836,HH2507,21.0,393.0,0.0,0.0,District - Balangir,Total,,,,,471.0,314.0,,balangir
14837,HH2507,21.0,393.0,0.0,0.0,District - Balangir,Rural,,,,,351.0,261.0,,balangir
14838,HH2507,21.0,393.0,0.0,0.0,District - Balangir,Urban,,,,117.0,120.0,53.0,840.0,balangir
14843,HH2507,21.0,393.0,3142.0,0.0,Sub-District - Balangir,Total,,,,235.0,124.0,50.0,,balangir
14844,HH2507,21.0,393.0,3142.0,0.0,Sub-District - Balangir,Rural,,,,181.0,29.0,19.0,,balangir
14845,HH2507,21.0,393.0,3142.0,0.0,Sub-District - Balangir,Urban,,,,54.0,95.0,31.0,290.0,balangir
14905,HH2507,21.0,395.0,0.0,0.0,District - Kalahandi,Total,,,,,191.0,351.0,,kalahandi
14906,HH2507,21.0,395.0,0.0,0.0,District - Kalahandi,Rural,,,,,164.0,311.0,,kalahandi
14907,HH2507,21.0,395.0,0.0,0.0,District - Kalahandi,Urban,,,,76.0,27.0,40.0,566.0,kalahandi
14962,HH2507,21.0,396.0,3174.0,0.0,Sub-District - Chandrapur,Total,,416.0,,111.0,,64.0,6.0,chandrapur
14963,HH2507,21.0,396.0,3174.0,0.0,Sub-District - Chandrapur,Rural,,416.0,,111.0,,64.0,6.0,chandrapur
14964,HH2507,21.0,396.0,3174.0,0.0,Sub-District - Chandrapur,Urban,,,,,,,,chandrapur
15007,HH2507,21.0,397.0,0.0,0.0,District - Nabarangapur ,Total,,,,,414.0,498.0,,nabarangapur
15008,HH2507,21.0,397.0,0.0,0.0,District - Nabarangapur ,Rural,,,,,391.0,464.0,826.0,nabarangapur
15009,HH2507,21.0,397.0,0.0,0.0,District - Nabarangapur ,Urban,,,,39.0,23.0,34.0,234.0,nabarangapur
15040,HH2507,21.0,397.0,3196.0,0.0,Sub-District - Nabarangapur,Total,,,,121.0,26.0,34.0,191.0,nabarangapur
15041,HH2507,21.0,397.0,3196.0,0.0,Sub-District - Nabarangapur,Rural,,,,110.0,5.0,5.0,39.0,nabarangapur
15042,HH2507,21.0,397.0,3196.0,0.0,Sub-District - Nabarangapur,Urban,,,,11.0,21.0,29.0,152.0,nabarangapur
15043,HH2507,21.0,397.0,3196.0,801903.0,Nabarangapur (M + OG),Urban,,,,11.0,21.0,29.0,152.0,nabarangapur
15051,HH2507,21.0,398.0,0.0,0.0,District - Koraput,Total,,,,,308.0,180.0,,koraput
15052,HH2507,21.0,398.0,0.0,0.0,District - Koraput,Rural,,,,,238.0,97.0,,koraput
15053,HH2507,21.0,398.0,0.0,0.0,District - Koraput,Urban,,,,83.0,70.0,83.0,534.0,koraput
15127,HH2507,21.0,399.0,3220.0,0.0,Sub-District - Malkangiri,Total,,,,202.0,10.0,53.0,199.0,malkangiri
15128,HH2507,21.0,399.0,3220.0,0.0,Sub-District - Malkangiri,Rural,,,,189.0,1.0,49.0,134.0,malkangiri
15129,HH2507,21.0,399.0,3220.0,0.0,Sub-District - Malkangiri,Urban,,,,13.0,9.0,4.0,65.0,malkangiri
15130,HH2507,21.0,399.0,3220.0,801908.0,Malkangiri (NAC),Urban,,,,13.0,9.0,4.0,65.0,malkangiri
15167,HH2507,22.0,400.0,0.0,0.0,District - Koriya,Total,,,,,165.0,81.0,337.0,koriya
15168,HH2507,22.0,400.0,0.0,0.0,District - Koriya,Rural,,,,,129.0,67.0,286.0,koriya
15169,HH2507,22.0,400.0,0.0,0.0,District - Koriya,Urban,,,,110.0,36.0,14.0,51.0,koriya
15171,HH2507,22.0,400.0,3231.0,0.0,Sub-District - Bharatpur,Total,,,,,27.0,30.0,126.0,bharatpur
15172,HH2507,22.0,400.0,3231.0,0.0,Sub-District - Bharatpur,Rural,,,,,27.0,30.0,126.0,bharatpur
15173,HH2507,22.0,400.0,3231.0,0.0,Sub-District - Bharatpur,Urban,,,,,,,,bharatpur
15195,HH2507,22.0,401.0,0.0,0.0,District - Surguja,Total,,,,,988.0,737.0,,surguja
15196,HH2507,22.0,401.0,0.0,0.0,District - Surguja,Rural,,,,,906.0,721.0,,surguja
15197,HH2507,22.0,401.0,0.0,0.0,District - Surguja,Urban,,,,31.0,82.0,16.0,111.0,surguja
15281,HH2507,22.0,402.0,3257.0,0.0,Sub-District - Jashpur,Total,,,,199.0,8.0,5.0,6.0,jashpur
15282,HH2507,22.0,402.0,3257.0,0.0,Sub-District - Jashpur,Rural,,,,195.0,5.0,1.0,2.0,jashpur
15283,HH2507,22.0,402.0,3257.0,0.0,Sub-District - Jashpur,Urban,,,489.0,4.0,3.0,4.0,4.0,jashpur
15303,HH2507,22.0,403.0,0.0,0.0,District - Raigarh,Total,,,,422.0,406.0,213.0,511.0,raigarh
15304,HH2507,22.0,403.0,0.0,0.0,District - Raigarh,Rural,,,,368.0,364.0,143.0,445.0,raigarh
15305,HH2507,22.0,403.0,0.0,0.0,District - Raigarh,Urban,,,,54.0,42.0,70.0,66.0,raigarh
15321,HH2507,22.0,403.0,3267.0,0.0,Sub-District - Raigarh,Total,,,,47.0,48.0,72.0,56.0,raigarh
15322,HH2507,22.0,403.0,3267.0,0.0,Sub-District - Raigarh,Rural,,,,4.0,19.0,6.0,17.0,raigarh
15323,HH2507,22.0,403.0,3267.0,0.0,Sub-District - Raigarh,Urban,,,952.0,43.0,29.0,66.0,39.0,raigarh
15358,HH2507,22.0,404.0,3274.0,0.0,Sub-District - Pali,Total,,,,,124.0,43.0,85.0,pali
15359,HH2507,22.0,404.0,3274.0,0.0,Sub-District - Pali,Rural,,,,,117.0,43.0,84.0,pali
15360,HH2507,22.0,404.0,3274.0,0.0,Sub-District - Pali,Urban,,,38.0,,7.0,,1.0,pali
15362,HH2507,22.0,404.0,3275.0,0.0,Sub-District - Korba,Total,,,,,190.0,124.0,144.0,korba
15363,HH2507,22.0,404.0,3275.0,0.0,Sub-District - Korba,Rural,,,,,36.0,91.0,102.0,korba
15364,HH2507,22.0,404.0,3275.0,0.0,Sub-District - Korba,Urban,,,,44.0,154.0,33.0,42.0,korba
15409,HH2507,22.0,405.0,3284.0,801962.0,Chandrapur (NP),Urban,,,60.0,,,,,chandrapur
15418,HH2507,22.0,406.0,0.0,0.0,District - Bilaspur,Total,,,,,854.0,421.0,,bilaspur
15419,HH2507,22.0,406.0,0.0,0.0,District - Bilaspur,Rural,,,,,687.0,304.0,,bilaspur
15420,HH2507,22.0,406.0,0.0,0.0,District - Bilaspur,Urban,,,,92.0,167.0,117.0,236.0,bilaspur
15437,HH2507,22.0,406.0,3291.0,0.0,Sub-District - Kota,Total,,,,656.0,119.0,26.0,39.0,kota
15438,HH2507,22.0,406.0,3291.0,0.0,Sub-District - Kota,Rural,,,,653.0,100.0,23.0,38.0,kota
15439,HH2507,22.0,406.0,3291.0,0.0,Sub-District - Kota,Urban,,,475.0,3.0,19.0,3.0,1.0,kota
15457,HH2507,22.0,406.0,3295.0,0.0,Sub-District - Bilaspur,Total,,,,80.0,141.0,117.0,329.0,bilaspur
15458,HH2507,22.0,406.0,3295.0,0.0,Sub-District - Bilaspur,Rural,,,,24.0,40.0,32.0,139.0,bilaspur
15459,HH2507,22.0,406.0,3295.0,0.0,Sub-District - Bilaspur,Urban,,,,56.0,101.0,85.0,190.0,bilaspur
15476,HH2507,22.0,407.0,0.0,0.0,District - Kabeerdham,Total,,,,,244.0,104.0,345.0,kabeerdham
15477,HH2507,22.0,407.0,0.0,0.0,District - Kabeerdham,Rural,,,,,212.0,80.0,276.0,kabeerdham
15478,HH2507,22.0,407.0,0.0,0.0,District - Kabeerdham,Urban,,,806.0,7.0,32.0,24.0,69.0,kabeerdham
15497,HH2507,22.0,408.0,0.0,0.0,District - Rajnandgaon,Total,,,,,515.0,223.0,676.0,rajnandgaon
15498,HH2507,22.0,408.0,0.0,0.0,District - Rajnandgaon,Rural,,,,,435.0,182.0,553.0,rajnandgaon
15499,HH2507,22.0,408.0,0.0,0.0,District - Rajnandgaon,Urban,,,,21.0,80.0,41.0,123.0,rajnandgaon
15513,HH2507,22.0,408.0,3305.0,0.0,Sub-District - Rajnandgaon,Total,,,,28.0,80.0,48.0,81.0,rajnandgaon
15514,HH2507,22.0,408.0,3305.0,0.0,Sub-District - Rajnandgaon,Rural,,,,19.0,27.0,30.0,47.0,rajnandgaon
15515,HH2507,22.0,408.0,3305.0,0.0,Sub-District - Rajnandgaon,Urban,,,,9.0,53.0,18.0,34.0,rajnandgaon
15516,HH2507,22.0,408.0,3305.0,801991.0,Rajnandgaon (M Corp.),Urban,,,,9.0,53.0,18.0,34.0,rajnandgaon
15535,HH2507,22.0,409.0,0.0,0.0,District - Durg,Total,,,,399.0,,775.0,,durg
15536,HH2507,22.0,409.0,0.0,0.0,District - Durg,Rural,,,,268.0,700.0,328.0,,durg
15537,HH2507,22.0,409.0,0.0,0.0,District - Durg,Urban,,,,131.0,488.0,447.0,574.0,durg
15573,HH2507,22.0,409.0,3317.0,0.0,Sub-District - Durg,Total,,,,140.0,337.0,426.0,477.0,durg
15574,HH2507,22.0,409.0,3317.0,0.0,Sub-District - Durg,Rural,,,,64.0,51.0,35.0,98.0,durg
15575,HH2507,22.0,409.0,3317.0,0.0,Sub-District - Durg,Urban,,,,76.0,286.0,391.0,379.0,durg
15581,HH2507,22.0,409.0,3318.0,0.0,Sub-District - Patan,Total,,,,33.0,243.0,68.0,209.0,patan
15582,HH2507,22.0,409.0,3318.0,0.0,Sub-District - Patan,Rural,,,,18.0,119.0,33.0,130.0,patan
15583,HH2507,22.0,409.0,3318.0,0.0,Sub-District - Patan,Urban,,,,15.0,124.0,35.0,79.0,patan
15611,HH2507,22.0,410.0,0.0,0.0,District - Raipur,Total,,,,,,,,raipur
15612,HH2507,22.0,410.0,0.0,0.0,District - Raipur,Rural,,,,,,910.0,,raipur
15613,HH2507,22.0,410.0,0.0,0.0,District - Raipur,Urban,,,,172.0,393.0,296.0,953.0,raipur
15653,HH2507,22.0,410.0,3332.0,0.0,Sub-District - Raipur,Total,,,,178.0,372.0,308.0,903.0,raipur
15654,HH2507,22.0,410.0,3332.0,0.0,Sub-District - Raipur,Rural,,,,41.0,94.0,53.0,98.0,raipur
15655,HH2507,22.0,410.0,3332.0,0.0,Sub-District - Raipur,Urban,,,,137.0,278.0,255.0,805.0,raipur
15685,HH2507,22.0,411.0,0.0,0.0,District - Mahasamund,Total,,,,188.0,431.0,226.0,881.0,mahasamund
15686,HH2507,22.0,411.0,0.0,0.0,District - Mahasamund,Rural,,,,177.0,396.0,212.0,819.0,mahasamund
15687,HH2507,22.0,411.0,0.0,0.0,District - Mahasamund,Urban,,,,11.0,35.0,14.0,62.0,mahasamund
15696,HH2507,22.0,411.0,3341.0,0.0,Sub-District - Mahasamund,Total,,,,37.0,100.0,122.0,174.0,mahasamund
15697,HH2507,22.0,411.0,3341.0,0.0,Sub-District - Mahasamund,Rural,,,,32.0,86.0,119.0,138.0,mahasamund
15698,HH2507,22.0,411.0,3341.0,0.0,Sub-District - Mahasamund,Urban,,,955.0,5.0,14.0,3.0,36.0,mahasamund
15700,HH2507,22.0,411.0,3341.0,802045.0,Mahasamund (M + OG),Urban,,,663.0,4.0,14.0,3.0,9.0,mahasamund
15721,HH2507,22.0,412.0,3346.0,0.0,Sub-District - Dhamtari,Total,,,,203.0,73.0,75.0,131.0,dhamtari
15722,HH2507,22.0,412.0,3346.0,0.0,Sub-District - Dhamtari,Rural,,,,197.0,52.0,46.0,63.0,dhamtari
15723,HH2507,22.0,412.0,3346.0,0.0,Sub-District - Dhamtari,Urban,,,,6.0,21.0,29.0,68.0,dhamtari
15760,HH2507,22.0,414.0,0.0,0.0,District - Bastar,Total,,,,,496.0,181.0,748.0,bastar
15761,HH2507,22.0,414.0,0.0,0.0,District - Bastar,Rural,,,,,406.0,155.0,622.0,bastar
15762,HH2507,22.0,414.0,0.0,0.0,District - Bastar,Urban,,,,31.0,90.0,26.0,126.0,bastar
15792,HH2507,22.0,414.0,3363.0,0.0,Sub-District - Bastar,Total,,,,73.0,38.0,9.0,25.0,bastar
15793,HH2507,22.0,414.0,3363.0,0.0,Sub-District - Bastar,Rural,,,,73.0,28.0,9.0,18.0,bastar
15794,HH2507,22.0,414.0,3363.0,0.0,Sub-District - Bastar,Urban,,,356.0,,10.0,,7.0,bastar
15805,HH2507,22.0,415.0,0.0,0.0,District - Narayanpur,Total,,,,200.0,236.0,627.0,438.0,narayanpur
15806,HH2507,22.0,415.0,0.0,0.0,District - Narayanpur,Rural,,,,197.0,196.0,625.0,391.0,narayanpur
15807,HH2507,22.0,415.0,0.0,0.0,District - Narayanpur,Urban,,,556.0,3.0,40.0,2.0,47.0,narayanpur
15808,HH2507,22.0,415.0,3367.0,0.0,Sub-District - Narayanpur,Total,,,,49.0,199.0,47.0,66.0,narayanpur
15809,HH2507,22.0,415.0,3367.0,0.0,Sub-District - Narayanpur,Rural,,,,46.0,159.0,45.0,19.0,narayanpur
15810,HH2507,22.0,415.0,3367.0,0.0,Sub-District - Narayanpur,Urban,,,556.0,3.0,40.0,2.0,47.0,narayanpur
15811,HH2507,22.0,415.0,3367.0,802066.0,Narayanpur (NP),Urban,,,556.0,3.0,40.0,2.0,47.0,narayanpur
15847,HH2507,22.0,417.0,0.0,0.0,District - Bijapur,Total,,,,,598.0,972.0,989.0,bijapur
15848,HH2507,22.0,417.0,0.0,0.0,District - Bijapur,Rural,,,,,585.0,972.0,940.0,bijapur
15849,HH2507,22.0,417.0,0.0,0.0,District - Bijapur,Urban,,,,14.0,13.0,,49.0,bijapur
15857,HH2507,22.0,417.0,3378.0,0.0,Sub-District - Bijapur,Total,,,,28.0,160.0,235.0,282.0,bijapur
15858,HH2507,22.0,417.0,3378.0,0.0,Sub-District - Bijapur,Rural,,,,21.0,153.0,235.0,236.0,bijapur
15859,HH2507,22.0,417.0,3378.0,0.0,Sub-District - Bijapur,Urban,,,852.0,7.0,7.0,,46.0,bijapur
